_id,champion_id,augment_id,stage,win_rate,sample_size,tier,patch_version,updated_at
"1353_3_global_26.12",,1353,3,47.56,43135,"C","26.12","2026-06-27T10:48:15.368Z"
"1353_7_global_26.12",,1353,7,47.85,59675,"C","26.12","2026-06-27T10:48:15.368Z"
"1353_11_global_26.12",,1353,11,49.25,74813,"B","26.12","2026-06-27T10:48:15.368Z"
"1353_15_global_26.12",,1353,15,49.31,69927,"B","26.12","2026-06-27T10:48:15.368Z"
"1353_18_global_26.12",,1353,18,69.7,406,"A","26.12","2026-06-27T10:48:15.368Z"
"1181_3_global_26.12",,1181,3,50.44,34940,"B","26.12","2026-06-27T10:48:15.368Z"
"1181_7_global_26.12",,1181,7,51.32,43159,"A","26.12","2026-06-27T10:48:15.368Z"
"1181_11_global_26.12",,1181,11,52.6,72356,"A","26.12","2026-06-27T10:48:15.368Z"
"1181_15_global_26.12",,1181,15,53.24,92013,"S","26.12","2026-06-27T10:48:15.368Z"
"1181_18_global_26.12",,1181,18,52.19,753,"D","26.12","2026-06-27T10:48:15.368Z"
"1336_3_global_26.12",,1336,3,45.5,40151,"D","26.12","2026-06-27T10:48:15.368Z"
"1336_7_global_26.12",,1336,7,46.74,56526,"C","26.12","2026-06-27T10:48:15.368Z"
"1336_11_global_26.12",,1336,11,47.95,69360,"B","26.12","2026-06-27T10:48:15.368Z"
"1336_15_global_26.12",,1336,15,47.73,73133,"C","26.12","2026-06-27T10:48:15.368Z"
"1336_18_global_26.12",,1336,18,47.83,69,"D","26.12","2026-06-27T10:48:15.368Z"
"1390_3_global_26.12",,1390,3,49.58,2999,"C","26.12","2026-06-27T10:48:15.368Z"
"1390_7_global_26.12",,1390,7,48.65,12130,"C","26.12","2026-06-27T10:48:15.368Z"
"1390_11_global_26.12",,1390,11,48.21,18534,"C","26.12","2026-06-27T10:48:15.368Z"
"1390_15_global_26.12",,1390,15,47.43,25534,"C","26.12","2026-06-27T10:48:15.368Z"
"1152_3_global_26.12",,1152,3,46.92,35711,"C","26.12","2026-06-27T10:48:15.368Z"
"1152_7_global_26.12",,1152,7,47.66,49407,"C","26.12","2026-06-27T10:48:15.368Z"
"1152_11_global_26.12",,1152,11,49.02,51490,"B","26.12","2026-06-27T10:48:15.368Z"
"1152_15_global_26.12",,1152,15,50.54,49088,"A","26.12","2026-06-27T10:48:15.368Z"
"1152_18_global_26.12",,1152,18,53.57,56,"D","26.12","2026-06-27T10:48:15.368Z"
"1356_3_global_26.12",,1356,3,55.23,182079,"S","26.12","2026-06-27T10:48:15.368Z"
"1356_7_global_26.12",,1356,7,48.58,4782,"C","26.12","2026-06-27T10:48:15.368Z"
"1356_11_global_26.12",,1356,11,49.21,7403,"C","26.12","2026-06-27T10:48:15.368Z"
"1356_15_global_26.12",,1356,15,51.75,10139,"A","26.12","2026-06-27T10:48:15.368Z"
"2132_3_global_26.12",,2132,3,56.41,23311,"S","26.12","2026-06-27T10:48:15.368Z"
"2132_7_global_26.12",,2132,7,55.35,23340,"S","26.12","2026-06-27T10:48:15.368Z"
"2132_11_global_26.12",,2132,11,54.62,25562,"S","26.12","2026-06-27T10:48:15.368Z"
"2132_15_global_26.12",,2132,15,52.86,21713,"A","26.12","2026-06-27T10:48:15.368Z"
"1361_3_global_26.12",,1361,3,53.93,145497,"S","26.12","2026-06-27T10:48:15.368Z"
"1361_7_global_26.12",,1361,7,53.03,150745,"S","26.12","2026-06-27T10:48:15.368Z"
"1361_11_global_26.12",,1361,11,53.57,173094,"S","26.12","2026-06-27T10:48:15.368Z"
"1361_15_global_26.12",,1361,15,50.79,142847,"A","26.12","2026-06-27T10:48:15.368Z"
"1361_18_global_26.12",,1361,18,55,160,"D","26.12","2026-06-27T10:48:15.368Z"
"1133_3_global_26.12",,1133,3,51.22,8416,"B","26.12","2026-06-27T10:48:15.368Z"
"1133_7_global_26.12",,1133,7,50.56,10931,"B","26.12","2026-06-27T10:48:15.368Z"
"1133_11_global_26.12",,1133,11,49.64,12622,"B","26.12","2026-06-27T10:48:15.368Z"
"1133_15_global_26.12",,1133,15,50.44,11922,"B","26.12","2026-06-27T10:48:15.368Z"
"1134_7_global_26.12",,1134,7,48.97,10105,"B","26.12","2026-06-27T10:48:15.368Z"
"1134_11_global_26.12",,1134,11,49.66,15468,"B","26.12","2026-06-27T10:48:15.368Z"
"1134_15_global_26.12",,1134,15,48.9,20501,"C","26.12","2026-06-27T10:48:15.368Z"
"1030_3_global_26.12",,1030,3,52.56,49720,"A","26.12","2026-06-27T10:48:15.368Z"
"1030_7_global_26.12",,1030,7,51.9,58411,"A","26.12","2026-06-27T10:48:15.368Z"
"1030_11_global_26.12",,1030,11,52.45,67329,"A","26.12","2026-06-27T10:48:15.368Z"
"1030_15_global_26.12",,1030,15,51.49,62814,"A","26.12","2026-06-27T10:48:15.368Z"
"1030_18_global_26.12",,1030,18,67.4,273,"B","26.12","2026-06-27T10:48:15.368Z"
"1041_3_global_26.12",,1041,3,49.93,14577,"B","26.12","2026-06-27T10:48:15.368Z"
"1041_7_global_26.12",,1041,7,50.22,23127,"B","26.12","2026-06-27T10:48:15.368Z"
"1041_11_global_26.12",,1041,11,50.77,40332,"A","26.12","2026-06-27T10:48:15.368Z"
"1041_15_global_26.12",,1041,15,50.5,48927,"A","26.12","2026-06-27T10:48:15.368Z"
"1071_3_global_26.12",,1071,3,54.09,22788,"A","26.12","2026-06-27T10:48:15.368Z"
"1071_7_global_26.12",,1071,7,53.31,69176,"A","26.12","2026-06-27T10:48:15.368Z"
"1071_11_global_26.12",,1071,11,52.57,65750,"A","26.12","2026-06-27T10:48:15.368Z"
"1071_15_global_26.12",,1071,15,51.12,64326,"A","26.12","2026-06-27T10:48:15.368Z"
"1225_3_global_26.12",,1225,3,49.56,9475,"C","26.12","2026-06-27T10:48:15.368Z"
"1225_7_global_26.12",,1225,7,49.04,12505,"B","26.12","2026-06-27T10:48:15.368Z"
"1225_11_global_26.12",,1225,11,49.94,19508,"B","26.12","2026-06-27T10:48:15.368Z"
"1225_15_global_26.12",,1225,15,50.42,22345,"B","26.12","2026-06-27T10:48:15.368Z"
"1225_18_global_26.12",,1225,18,53.15,762,"D","26.12","2026-06-27T10:48:15.368Z"
"1388_3_global_26.12",,1388,3,50.99,17296,"B","26.12","2026-06-27T10:48:15.368Z"
"1388_7_global_26.12",,1388,7,49.9,50336,"B","26.12","2026-06-27T10:48:15.368Z"
"1388_11_global_26.12",,1388,11,49.32,46381,"B","26.12","2026-06-27T10:48:15.368Z"
"1388_15_global_26.12",,1388,15,47.9,40314,"C","26.12","2026-06-27T10:48:15.368Z"
"2006_3_global_26.12",,2006,3,53.65,12502,"A","26.12","2026-06-27T10:48:15.368Z"
"2006_7_global_26.12",,2006,7,53.72,37457,"A","26.12","2026-06-27T10:48:15.368Z"
"2006_11_global_26.12",,2006,11,53.45,39591,"A","26.12","2026-06-27T10:48:15.368Z"
"2006_15_global_26.12",,2006,15,52.54,40159,"A","26.12","2026-06-27T10:48:15.368Z"
"1097_3_global_26.12",,1097,3,57.23,89052,"S","26.12","2026-06-27T10:48:15.368Z"
"1097_7_global_26.12",,1097,7,55.74,105129,"S","26.12","2026-06-27T10:48:15.368Z"
"1097_11_global_26.12",,1097,11,46.84,301,"D","26.12","2026-06-27T10:48:15.368Z"
"1097_15_global_26.12",,1097,15,44.97,169,"D","26.12","2026-06-27T10:48:15.368Z"
"1022_3_global_26.12",,1022,3,56.95,92044,"S","26.12","2026-06-27T10:48:15.368Z"
"1022_7_global_26.12",,1022,7,56.39,103728,"S","26.12","2026-06-27T10:48:15.368Z"
"1022_11_global_26.12",,1022,11,58.49,124573,"S","26.12","2026-06-27T10:48:15.368Z"
"1022_15_global_26.12",,1022,15,55.89,108446,"S","26.12","2026-06-27T10:48:15.368Z"
"1022_18_global_26.12",,1022,18,72.44,352,"S","26.12","2026-06-27T10:48:15.368Z"
"1045_3_global_26.12",,1045,3,47.5,4747,"C","26.12","2026-06-27T10:48:15.368Z"
"1045_7_global_26.12",,1045,7,48.59,16480,"C","26.12","2026-06-27T10:48:15.368Z"
"1045_11_global_26.12",,1045,11,48.99,19901,"B","26.12","2026-06-27T10:48:15.368Z"
"1045_15_global_26.12",,1045,15,48.83,23102,"C","26.12","2026-06-27T10:48:15.368Z"
"1095_3_global_26.12",,1095,3,48.04,4209,"C","26.12","2026-06-27T10:48:15.368Z"
"1095_7_global_26.12",,1095,7,47.98,8311,"C","26.12","2026-06-27T10:48:15.368Z"
"1095_11_global_26.12",,1095,11,47.47,16119,"C","26.12","2026-06-27T10:48:15.368Z"
"1095_15_global_26.12",,1095,15,47.09,21621,"D","26.12","2026-06-27T10:48:15.368Z"
"2010_3_global_26.12",,2010,3,48.35,36210,"C","26.12","2026-06-27T10:48:15.368Z"
"2010_7_global_26.12",,2010,7,47.13,38966,"C","26.12","2026-06-27T10:48:15.368Z"
"2010_11_global_26.12",,2010,11,47.64,42252,"C","26.12","2026-06-27T10:48:15.368Z"
"2010_15_global_26.12",,2010,15,47.12,36423,"C","26.12","2026-06-27T10:48:15.368Z"
"2010_18_global_26.12",,2010,18,70,160,"A","26.12","2026-06-27T10:48:15.368Z"
"1195_3_global_26.12",,1195,3,44.34,7038,"D","26.12","2026-06-27T10:48:15.368Z"
"1195_7_global_26.12",,1195,7,44.5,9310,"D","26.12","2026-06-27T10:48:15.368Z"
"1195_11_global_26.12",,1195,11,46.67,12516,"D","26.12","2026-06-27T10:48:15.368Z"
"1195_15_global_26.12",,1195,15,46.9,11646,"D","26.12","2026-06-27T10:48:15.368Z"
"1195_18_global_26.12",,1195,18,69.53,128,"A","26.12","2026-06-27T10:48:15.368Z"
"1077_3_global_26.12",,1077,3,54.96,23613,"A","26.12","2026-06-27T10:48:15.368Z"
"1077_7_global_26.12",,1077,7,52.16,4097,"A","26.12","2026-06-27T10:48:15.368Z"
"1077_11_global_26.12",,1077,11,51.31,5042,"A","26.12","2026-06-27T10:48:15.368Z"
"1077_15_global_26.12",,1077,15,49.95,6711,"B","26.12","2026-06-27T10:48:15.368Z"
"1156_3_global_26.12",,1156,3,48.14,53364,"C","26.12","2026-06-27T10:48:15.368Z"
"1156_7_global_26.12",,1156,7,46.29,2923,"D","26.12","2026-06-27T10:48:15.368Z"
"1156_11_global_26.12",,1156,11,46.99,4135,"D","26.12","2026-06-27T10:48:15.368Z"
"1156_15_global_26.12",,1156,15,47.66,4110,"C","26.12","2026-06-27T10:48:15.368Z"
"1007_3_global_26.12",,1007,3,54.15,16490,"A","26.12","2026-06-27T10:48:15.368Z"
"1007_7_global_26.12",,1007,7,53.27,54486,"A","26.12","2026-06-27T10:48:15.368Z"
"1007_11_global_26.12",,1007,11,51.85,51379,"A","26.12","2026-06-27T10:48:15.368Z"
"1007_15_global_26.12",,1007,15,50.12,49376,"A","26.12","2026-06-27T10:48:15.368Z"
"1007_18_global_26.12",,1007,18,68.97,58,"A","26.12","2026-06-27T10:48:15.368Z"
"1115_3_global_26.12",,1115,3,49.46,5423,"C","26.12","2026-06-27T10:48:15.368Z"
"1115_7_global_26.12",,1115,7,49.67,19471,"B","26.12","2026-06-27T10:48:15.368Z"
"1115_11_global_26.12",,1115,11,49.43,25636,"B","26.12","2026-06-27T10:48:15.368Z"
"1115_15_global_26.12",,1115,15,49.7,31899,"B","26.12","2026-06-27T10:48:15.368Z"
"1138_3_global_26.12",,1138,3,56.95,70469,"S","26.12","2026-06-27T10:48:15.368Z"
"1138_7_global_26.12",,1138,7,55.87,73906,"S","26.12","2026-06-27T10:48:15.368Z"
"1138_11_global_26.12",,1138,11,57.84,84644,"S","26.12","2026-06-27T10:48:15.368Z"
"1138_15_global_26.12",,1138,15,56.97,75455,"S","26.12","2026-06-27T10:48:15.368Z"
"1138_18_global_26.12",,1138,18,66.12,242,"B","26.12","2026-06-27T10:48:15.368Z"
"1319_3_global_26.12",,1319,3,55.32,50438,"S","26.12","2026-06-27T10:48:15.368Z"
"1319_7_global_26.12",,1319,7,54.67,56355,"S","26.12","2026-06-27T10:48:15.368Z"
"1319_11_global_26.12",,1319,11,54.56,62341,"S","26.12","2026-06-27T10:48:15.368Z"
"1319_15_global_26.12",,1319,15,53.97,70613,"S","26.12","2026-06-27T10:48:15.368Z"
"1319_18_global_26.12",,1319,18,67.31,52,"B","26.12","2026-06-27T10:48:15.368Z"
"1013_3_global_26.12",,1013,3,52.57,8469,"A","26.12","2026-06-27T10:48:15.368Z"
"1013_7_global_26.12",,1013,7,52.93,26797,"A","26.12","2026-06-27T10:48:15.368Z"
"1013_11_global_26.12",,1013,11,54.04,36504,"S","26.12","2026-06-27T10:48:15.368Z"
"1013_15_global_26.12",,1013,15,54.56,47685,"S","26.12","2026-06-27T10:48:15.368Z"
"1013_18_global_26.12",,1013,18,70.49,61,"A","26.12","2026-06-27T10:48:15.368Z"
"2102_3_global_26.12",,2102,3,49.33,7395,"C","26.12","2026-06-27T10:48:15.368Z"
"2102_7_global_26.12",,2102,7,48.8,9141,"C","26.12","2026-06-27T10:48:15.368Z"
"2102_11_global_26.12",,2102,11,49.5,10694,"B","26.12","2026-06-27T10:48:15.368Z"
"2102_15_global_26.12",,2102,15,48.67,10497,"C","26.12","2026-06-27T10:48:15.368Z"
"1238_3_global_26.12",,1238,3,56.54,642,"S","26.12","2026-06-27T10:48:15.368Z"
"1238_7_global_26.12",,1238,7,52.57,1033,"A","26.12","2026-06-27T10:48:15.368Z"
"1238_11_global_26.12",,1238,11,53.33,1639,"A","26.12","2026-06-27T10:48:15.368Z"
"1238_15_global_26.12",,1238,15,50.43,1987,"B","26.12","2026-06-27T10:48:15.368Z"
"1328_3_global_26.12",,1328,3,50.89,11313,"B","26.12","2026-06-27T10:48:15.368Z"
"1328_7_global_26.12",,1328,7,50.85,15769,"B","26.12","2026-06-27T10:48:15.368Z"
"1328_11_global_26.12",,1328,11,49.69,23723,"B","26.12","2026-06-27T10:48:15.368Z"
"1328_15_global_26.12",,1328,15,49.34,22628,"B","26.12","2026-06-27T10:48:15.368Z"
"1328_18_global_26.12",,1328,18,70.12,164,"A","26.12","2026-06-27T10:48:15.368Z"
"1204_3_global_26.12",,1204,3,43.41,26397,"D","26.12","2026-06-27T10:48:15.368Z"
"1204_7_global_26.12",,1204,7,44.51,27880,"D","26.12","2026-06-27T10:48:15.368Z"
"1204_11_global_26.12",,1204,11,45.55,28015,"D","26.12","2026-06-27T10:48:15.368Z"
"1204_15_global_26.12",,1204,15,46.81,21559,"D","26.12","2026-06-27T10:48:15.368Z"
"1420_3_global_26.12",,1420,3,50.1,13319,"B","26.12","2026-06-27T10:48:15.368Z"
"1420_7_global_26.12",,1420,7,49.54,18044,"B","26.12","2026-06-27T10:48:15.368Z"
"1420_11_global_26.12",,1420,11,49.41,23522,"B","26.12","2026-06-27T10:48:15.368Z"
"1420_15_global_26.12",,1420,15,46.87,20220,"D","26.12","2026-06-27T10:48:15.368Z"
"1005_3_global_26.12",,1005,3,46.16,34477,"D","26.12","2026-06-27T10:48:15.368Z"
"1005_7_global_26.12",,1005,7,43.84,917,"D","26.12","2026-06-27T10:48:15.368Z"
"1005_11_global_26.12",,1005,11,45.63,1407,"D","26.12","2026-06-27T10:48:15.368Z"
"1005_15_global_26.12",,1005,15,45.58,1876,"D","26.12","2026-06-27T10:48:15.368Z"
"1081_3_global_26.12",,1081,3,49.36,10662,"C","26.12","2026-06-27T10:48:15.368Z"
"1081_7_global_26.12",,1081,7,49.56,31172,"B","26.12","2026-06-27T10:48:15.368Z"
"1081_11_global_26.12",,1081,11,50.19,33470,"B","26.12","2026-06-27T10:48:15.368Z"
"1081_15_global_26.12",,1081,15,50.96,36200,"A","26.12","2026-06-27T10:48:15.368Z"
"1081_18_global_26.12",,1081,18,66.67,54,"B","26.12","2026-06-27T10:48:15.368Z"
"2127_3_global_26.12",,2127,3,50.49,28153,"B","26.12","2026-06-27T10:48:15.368Z"
"2127_7_global_26.12",,2127,7,49.94,31575,"B","26.12","2026-06-27T10:48:15.368Z"
"2127_11_global_26.12",,2127,11,49.95,41402,"B","26.12","2026-06-27T10:48:15.368Z"
"2127_15_global_26.12",,2127,15,49.1,36643,"B","26.12","2026-06-27T10:48:15.368Z"
"2127_18_global_26.12",,2127,18,61.4,57,"C","26.12","2026-06-27T10:48:15.368Z"
"2116_3_global_26.12",,2116,3,46.38,12486,"D","26.12","2026-06-27T10:48:15.368Z"
"2116_7_global_26.12",,2116,7,45.09,16910,"D","26.12","2026-06-27T10:48:15.368Z"
"2116_11_global_26.12",,2116,11,47.9,22841,"C","26.12","2026-06-27T10:48:15.368Z"
"2116_15_global_26.12",,2116,15,46.33,23673,"D","26.12","2026-06-27T10:48:15.368Z"
"1180_3_global_26.12",,1180,3,52.33,19507,"A","26.12","2026-06-27T10:48:15.368Z"
"1180_7_global_26.12",,1180,7,51.46,60611,"A","26.12","2026-06-27T10:48:15.368Z"
"1180_11_global_26.12",,1180,11,51.95,60138,"A","26.12","2026-06-27T10:48:15.368Z"
"1180_15_global_26.12",,1180,15,50.87,58933,"A","26.12","2026-06-27T10:48:15.368Z"
"2096_3_global_26.12",,2096,3,48.7,63791,"C","26.12","2026-06-27T10:48:15.368Z"
"2096_7_global_26.12",,2096,7,47.31,2253,"C","26.12","2026-06-27T10:48:15.368Z"
"2096_11_global_26.12",,2096,11,47.26,3415,"D","26.12","2026-06-27T10:48:15.368Z"
"2096_15_global_26.12",,2096,15,46.85,3274,"D","26.12","2026-06-27T10:48:15.368Z"
"1415_3_global_26.12",,1415,3,47.3,6317,"C","26.12","2026-06-27T10:48:15.368Z"
"1415_7_global_26.12",,1415,7,49.21,567,"B","26.12","2026-06-27T10:48:15.368Z"
"1415_11_global_26.12",,1415,11,45.65,758,"D","26.12","2026-06-27T10:48:15.368Z"
"1415_15_global_26.12",,1415,15,44.8,1096,"D","26.12","2026-06-27T10:48:15.368Z"
"1004_3_global_26.12",,1004,3,51.14,40922,"B","26.12","2026-06-27T10:48:15.368Z"
"1004_7_global_26.12",,1004,7,49.38,42263,"B","26.12","2026-06-27T10:48:15.368Z"
"1004_11_global_26.12",,1004,11,48.64,38613,"B","26.12","2026-06-27T10:48:15.368Z"
"1004_15_global_26.12",,1004,15,47.27,34784,"C","26.12","2026-06-27T10:48:15.368Z"
"1333_3_global_26.12",,1333,3,48.77,23466,"C","26.12","2026-06-27T10:48:15.368Z"
"1333_7_global_26.12",,1333,7,48.69,31856,"B","26.12","2026-06-27T10:48:15.368Z"
"1333_11_global_26.12",,1333,11,49.9,41968,"B","26.12","2026-06-27T10:48:15.368Z"
"1333_15_global_26.12",,1333,15,49,37511,"B","26.12","2026-06-27T10:48:15.368Z"
"1333_18_global_26.12",,1333,18,75.52,241,"S","26.12","2026-06-27T10:48:15.368Z"
"1051_3_global_26.12",,1051,3,57.92,147096,"S","26.12","2026-06-27T10:48:15.368Z"
"1051_7_global_26.12",,1051,7,55.18,106439,"S","26.12","2026-06-27T10:48:15.368Z"
"1051_11_global_26.12",,1051,11,47.83,253,"C","26.12","2026-06-27T10:48:15.368Z"
"1051_15_global_26.12",,1051,15,52.23,157,"A","26.12","2026-06-27T10:48:15.368Z"
"2077_3_global_26.12",,2077,3,54.47,4478,"A","26.12","2026-06-27T10:48:15.368Z"
"2077_7_global_26.12",,2077,7,51.36,6556,"A","26.12","2026-06-27T10:48:15.368Z"
"2077_11_global_26.12",,2077,11,51.77,10493,"A","26.12","2026-06-27T10:48:15.368Z"
"2077_15_global_26.12",,2077,15,51.43,11881,"A","26.12","2026-06-27T10:48:15.368Z"
"2077_18_global_26.12",,2077,18,74.14,116,"S","26.12","2026-06-27T10:48:15.368Z"
"2095_3_global_26.12",,2095,3,55.05,110996,"S","26.12","2026-06-27T10:48:15.368Z"
"2095_7_global_26.12",,2095,7,55.6,111925,"S","26.12","2026-06-27T10:48:15.368Z"
"2095_11_global_26.12",,2095,11,59.59,147806,"S","26.12","2026-06-27T10:48:15.368Z"
"2095_15_global_26.12",,2095,15,56.57,115538,"S","26.12","2026-06-27T10:48:15.368Z"
"2095_18_global_26.12",,2095,18,66.84,193,"B","26.12","2026-06-27T10:48:15.368Z"
"1080_3_global_26.12",,1080,3,48.19,36180,"C","26.12","2026-06-27T10:48:15.368Z"
"1080_7_global_26.12",,1080,7,47.91,48514,"C","26.12","2026-06-27T10:48:15.368Z"
"1080_11_global_26.12",,1080,11,49.33,61656,"B","26.12","2026-06-27T10:48:15.368Z"
"1080_15_global_26.12",,1080,15,48.46,55354,"B","26.12","2026-06-27T10:48:15.368Z"
"1080_18_global_26.12",,1080,18,70.55,421,"S","26.12","2026-06-27T10:48:15.368Z"
"1220_3_global_26.12",,1220,3,45.17,5530,"D","26.12","2026-06-27T10:48:15.368Z"
"1220_7_global_26.12",,1220,7,45.06,19374,"D","26.12","2026-06-27T10:48:15.368Z"
"1220_11_global_26.12",,1220,11,46.9,20552,"D","26.12","2026-06-27T10:48:15.368Z"
"1220_15_global_26.12",,1220,15,48.58,21301,"C","26.12","2026-06-27T10:48:15.368Z"
"1029_3_global_26.12",,1029,3,52.07,6341,"A","26.12","2026-06-27T10:48:15.368Z"
"1029_7_global_26.12",,1029,7,48.95,7728,"B","26.12","2026-06-27T10:48:15.368Z"
"1320_3_global_26.12",,1320,3,49.65,18192,"B","26.12","2026-06-27T10:48:15.369Z"
"1320_7_global_26.12",,1320,7,48.68,25742,"B","26.12","2026-06-27T10:48:15.369Z"
"1320_11_global_26.12",,1320,11,48.63,37950,"B","26.12","2026-06-27T10:48:15.369Z"
"1320_15_global_26.12",,1320,15,47.24,40956,"C","26.12","2026-06-27T10:48:15.369Z"
"1037_3_global_26.12",,1037,3,48.19,1297,"C","26.12","2026-06-27T10:48:15.369Z"
"1037_7_global_26.12",,1037,7,49.3,4460,"B","26.12","2026-06-27T10:48:15.369Z"
"1037_11_global_26.12",,1037,11,50.54,7077,"B","26.12","2026-06-27T10:48:15.369Z"
"1037_15_global_26.12",,1037,15,51.26,10514,"A","26.12","2026-06-27T10:48:15.369Z"
"1344_3_global_26.12",,1344,3,49.97,85483,"B","26.12","2026-06-27T10:48:15.369Z"
"1344_7_global_26.12",,1344,7,49.63,80491,"B","26.12","2026-06-27T10:48:15.369Z"
"1344_11_global_26.12",,1344,11,49.45,89483,"A","26.12","2026-06-27T10:48:15.369Z"
"1344_15_global_26.12",,1344,15,47.49,67839,"C","26.12","2026-06-27T10:48:15.369Z"
"1344_18_global_26.12",,1344,18,66.1,59,"B","26.12","2026-06-27T10:48:15.369Z"
"1020_3_global_26.12",,1020,3,45.91,2884,"D","26.12","2026-06-27T10:48:15.369Z"
"1020_7_global_26.12",,1020,7,45.8,5803,"D","26.12","2026-06-27T10:48:15.369Z"
"1020_11_global_26.12",,1020,11,46.61,11896,"D","26.12","2026-06-27T10:48:15.369Z"
"1020_15_global_26.12",,1020,15,46.54,20033,"D","26.12","2026-06-27T10:48:15.369Z"
"1053_3_global_26.12",,1053,3,52.97,3287,"A","26.12","2026-06-27T10:48:15.369Z"
"1053_7_global_26.12",,1053,7,52.37,12814,"A","26.12","2026-06-27T10:48:15.369Z"
"1053_11_global_26.12",,1053,11,52.1,18527,"A","26.12","2026-06-27T10:48:15.369Z"
"1053_15_global_26.12",,1053,15,51.47,24948,"A","26.12","2026-06-27T10:48:15.369Z"
"2100_3_global_26.12",,2100,3,50.74,74444,"B","26.12","2026-06-27T10:48:15.369Z"
"2100_7_global_26.12",,2100,7,50.11,75552,"B","26.12","2026-06-27T10:48:15.369Z"
"2100_11_global_26.12",,2100,11,50.76,87336,"A","26.12","2026-06-27T10:48:15.369Z"
"2100_15_global_26.12",,2100,15,49.52,74511,"B","26.12","2026-06-27T10:48:15.369Z"
"2100_18_global_26.12",,2100,18,52.33,86,"D","26.12","2026-06-27T10:48:15.369Z"
"1098_3_global_26.12",,1098,3,48.65,13842,"C","26.12","2026-06-27T10:48:15.369Z"
"1098_7_global_26.12",,1098,7,49.02,17562,"B","26.12","2026-06-27T10:48:15.369Z"
"1098_11_global_26.12",,1098,11,50.63,21328,"B","26.12","2026-06-27T10:48:15.369Z"
"1098_15_global_26.12",,1098,15,49.55,19754,"B","26.12","2026-06-27T10:48:15.369Z"
"1087_3_global_26.12",,1087,3,52.58,21493,"A","26.12","2026-06-27T10:48:15.369Z"
"1087_7_global_26.12",,1087,7,51.76,63852,"A","26.12","2026-06-27T10:48:15.369Z"
"1087_11_global_26.12",,1087,11,52,63558,"A","26.12","2026-06-27T10:48:15.369Z"
"1087_15_global_26.12",,1087,15,51,61316,"A","26.12","2026-06-27T10:48:15.369Z"
"1237_3_global_26.12",,1237,3,47.03,65091,"C","26.12","2026-06-27T10:48:15.369Z"
"1237_7_global_26.12",,1237,7,45.05,4264,"D","26.12","2026-06-27T10:48:15.369Z"
"1237_11_global_26.12",,1237,11,46.38,5895,"D","26.12","2026-06-27T10:48:15.369Z"
"1237_15_global_26.12",,1237,15,46.21,5665,"D","26.12","2026-06-27T10:48:15.369Z"
"2111_3_global_26.12",,2111,3,55.54,32436,"S","26.12","2026-06-27T10:48:15.369Z"
"2111_7_global_26.12",,2111,7,54.59,35534,"S","26.12","2026-06-27T10:48:15.369Z"
"2111_11_global_26.12",,2111,11,54.36,42739,"S","26.12","2026-06-27T10:48:15.369Z"
"2111_15_global_26.12",,2111,15,52.28,40596,"A","26.12","2026-06-27T10:48:15.369Z"
"1044_3_global_26.12",,1044,3,46.71,2415,"D","26.12","2026-06-27T10:48:15.369Z"
"1044_7_global_26.12",,1044,7,47.28,9759,"C","26.12","2026-06-27T10:48:15.369Z"
"1044_11_global_26.12",,1044,11,46.75,9165,"D","26.12","2026-06-27T10:48:15.369Z"
"1044_15_global_26.12",,1044,15,46.71,8873,"D","26.12","2026-06-27T10:48:15.369Z"
"1170_3_global_26.12",,1170,3,53.52,39669,"A","26.12","2026-06-27T10:48:15.369Z"
"1170_7_global_26.12",,1170,7,52.32,46521,"A","26.12","2026-06-27T10:48:15.369Z"
"1170_11_global_26.12",,1170,11,53.15,49118,"A","26.12","2026-06-27T10:48:15.369Z"
"1170_15_global_26.12",,1170,15,52.26,45203,"A","26.12","2026-06-27T10:48:15.369Z"
"1170_18_global_26.12",,1170,18,75.45,220,"S","26.12","2026-06-27T10:48:15.369Z"
"1056_3_global_26.12",,1056,3,58.96,63458,"S","26.12","2026-06-27T10:48:15.369Z"
"1056_7_global_26.12",,1056,7,57.76,72974,"S","26.12","2026-06-27T10:48:15.369Z"
"1056_11_global_26.12",,1056,11,57.68,73783,"S","26.12","2026-06-27T10:48:15.369Z"
"1056_15_global_26.12",,1056,15,56.24,66027,"S","26.12","2026-06-27T10:48:15.369Z"
"1056_18_global_26.12",,1056,18,72.96,233,"S","26.12","2026-06-27T10:48:15.369Z"
"1048_3_global_26.12",,1048,3,50.72,694,"B","26.12","2026-06-27T10:48:15.369Z"
"1048_7_global_26.12",,1048,7,50.15,2584,"B","26.12","2026-06-27T10:48:15.369Z"
"1048_11_global_26.12",,1048,11,49.81,3666,"B","26.12","2026-06-27T10:48:15.369Z"
"1048_15_global_26.12",,1048,15,50.93,4891,"A","26.12","2026-06-27T10:48:15.369Z"
"1318_3_global_26.12",,1318,3,46.31,4323,"D","26.12","2026-06-27T10:48:15.369Z"
"1318_7_global_26.12",,1318,7,46.33,7397,"D","26.12","2026-06-27T10:48:15.369Z"
"1318_11_global_26.12",,1318,11,48.82,14948,"C","26.12","2026-06-27T10:48:15.369Z"
"1318_15_global_26.12",,1318,15,50.3,19219,"B","26.12","2026-06-27T10:48:15.369Z"
"1113_3_global_26.12",,1113,3,50.73,70936,"B","26.12","2026-06-27T10:48:15.369Z"
"1113_7_global_26.12",,1113,7,48.73,73268,"B","26.12","2026-06-27T10:48:15.369Z"
"1113_11_global_26.12",,1113,11,50.46,91306,"A","26.12","2026-06-27T10:48:15.369Z"
"1113_15_global_26.12",,1113,15,47.64,66209,"C","26.12","2026-06-27T10:48:15.369Z"
"1113_18_global_26.12",,1113,18,55.74,61,"D","26.12","2026-06-27T10:48:15.369Z"
"2076_3_global_26.12",,2076,3,52.17,40470,"A","26.12","2026-06-27T10:48:15.369Z"
"2076_7_global_26.12",,2076,7,52.14,49646,"A","26.12","2026-06-27T10:48:15.369Z"
"2076_11_global_26.12",,2076,11,52.28,53652,"A","26.12","2026-06-27T10:48:15.369Z"
"2076_15_global_26.12",,2076,15,51.37,45809,"A","26.12","2026-06-27T10:48:15.369Z"
"2076_18_global_26.12",,2076,18,64.22,109,"C","26.12","2026-06-27T10:48:15.369Z"
"1076_3_global_26.12",,1076,3,61.81,42630,"S","26.12","2026-06-27T10:48:15.369Z"
"1076_7_global_26.12",,1076,7,60.78,130874,"S","26.12","2026-06-27T10:48:15.369Z"
"1076_11_global_26.12",,1076,11,59.88,117326,"S","26.12","2026-06-27T10:48:15.369Z"
"1076_15_global_26.12",,1076,15,56.81,103653,"S","26.12","2026-06-27T10:48:15.369Z"
"1076_18_global_26.12",,1076,18,63.24,136,"C","26.12","2026-06-27T10:48:15.369Z"
"1105_3_global_26.12",,1105,3,43.92,50365,"D","26.12","2026-06-27T10:48:15.369Z"
"1105_7_global_26.12",,1105,7,44.9,58559,"D","26.12","2026-06-27T10:48:15.369Z"
"1105_11_global_26.12",,1105,11,46.13,59774,"C","26.12","2026-06-27T10:48:15.369Z"
"1105_15_global_26.12",,1105,15,47.53,53559,"C","26.12","2026-06-27T10:48:15.369Z"
"1105_18_global_26.12",,1105,18,54.02,87,"D","26.12","2026-06-27T10:48:15.369Z"
"1136_7_global_26.12",,1136,7,55.19,1464,"S","26.12","2026-06-27T10:48:15.369Z"
"1136_11_global_26.12",,1136,11,49.23,41211,"B","26.12","2026-06-27T10:48:15.369Z"
"1136_15_global_26.12",,1136,15,48.73,50610,"B","26.12","2026-06-27T10:48:15.369Z"
"1375_3_global_26.12",,1375,3,52.73,27659,"A","26.12","2026-06-27T10:48:15.369Z"
"1375_7_global_26.12",,1375,7,51.02,79412,"A","26.12","2026-06-27T10:48:15.369Z"
"1375_11_global_26.12",,1375,11,51.69,70564,"A","26.12","2026-06-27T10:48:15.369Z"
"1375_15_global_26.12",,1375,15,49.66,61005,"B","26.12","2026-06-27T10:48:15.369Z"
"1375_18_global_26.12",,1375,18,64.29,70,"C","26.12","2026-06-27T10:48:15.369Z"
"1129_3_global_26.12",,1129,3,57.07,61874,"S","26.12","2026-06-27T10:48:15.369Z"
"1129_7_global_26.12",,1129,7,56.55,74070,"S","26.12","2026-06-27T10:48:15.369Z"
"1129_11_global_26.12",,1129,11,56.58,88874,"S","26.12","2026-06-27T10:48:15.369Z"
"1129_15_global_26.12",,1129,15,54.26,77224,"S","26.12","2026-06-27T10:48:15.369Z"
"1129_18_global_26.12",,1129,18,66.81,229,"B","26.12","2026-06-27T10:48:15.369Z"
"1389_3_global_26.12",,1389,3,48.03,28444,"C","26.12","2026-06-27T10:48:15.369Z"
"1389_7_global_26.12",,1389,7,47.37,42844,"C","26.12","2026-06-27T10:48:15.369Z"
"1389_11_global_26.12",,1389,11,48.55,56632,"B","26.12","2026-06-27T10:48:15.369Z"
"1389_15_global_26.12",,1389,15,47.75,54788,"C","26.12","2026-06-27T10:48:15.369Z"
"1389_18_global_26.12",,1389,18,73.35,349,"S","26.12","2026-06-27T10:48:15.369Z"
"1373_3_global_26.12",,1373,3,51.74,33386,"A","26.12","2026-06-27T10:48:15.369Z"
"1373_7_global_26.12",,1373,7,51.92,50907,"A","26.12","2026-06-27T10:48:15.369Z"
"1373_11_global_26.12",,1373,11,53.54,73798,"S","26.12","2026-06-27T10:48:15.369Z"
"1373_15_global_26.12",,1373,15,51.98,67588,"A","26.12","2026-06-27T10:48:15.369Z"
"1373_18_global_26.12",,1373,18,63.1,84,"C","26.12","2026-06-27T10:48:15.369Z"
"1305_3_global_26.12",,1305,3,48.9,15862,"C","26.12","2026-06-27T10:48:15.369Z"
"1305_7_global_26.12",,1305,7,49.12,48733,"B","26.12","2026-06-27T10:48:15.369Z"
"1305_11_global_26.12",,1305,11,50.01,45062,"B","26.12","2026-06-27T10:48:15.369Z"
"1305_15_global_26.12",,1305,15,49.84,43639,"B","26.12","2026-06-27T10:48:15.369Z"
"1305_18_global_26.12",,1305,18,49,100,"D","26.12","2026-06-27T10:48:15.369Z"
"1058_3_global_26.12",,1058,3,51.22,18607,"B","26.12","2026-06-27T10:48:15.369Z"
"1058_7_global_26.12",,1058,7,51.68,21588,"A","26.12","2026-06-27T10:48:15.369Z"
"1058_11_global_26.12",,1058,11,51.17,24362,"A","26.12","2026-06-27T10:48:15.369Z"
"1058_15_global_26.12",,1058,15,49.74,21473,"B","26.12","2026-06-27T10:48:15.369Z"
"2083_3_global_26.12",,2083,3,49.74,7720,"B","26.12","2026-06-27T10:48:15.369Z"
"2083_7_global_26.12",,2083,7,47.85,9507,"C","26.12","2026-06-27T10:48:15.369Z"
"2083_11_global_26.12",,2083,11,49.01,13482,"C","26.12","2026-06-27T10:48:15.369Z"
"2083_15_global_26.12",,2083,15,49.03,14011,"C","26.12","2026-06-27T10:48:15.369Z"
"2083_18_global_26.12",,2083,18,64.75,122,"C","26.12","2026-06-27T10:48:15.369Z"
"1141_3_global_26.12",,1141,3,50.47,55855,"B","26.12","2026-06-27T10:48:15.369Z"
"1141_7_global_26.12",,1141,7,49.13,67000,"B","26.12","2026-06-27T10:48:15.369Z"
"1141_11_global_26.12",,1141,11,50.54,83358,"A","26.12","2026-06-27T10:48:15.369Z"
"1141_15_global_26.12",,1141,15,49.73,69028,"A","26.12","2026-06-27T10:48:15.369Z"
"1141_18_global_26.12",,1141,18,68.07,379,"A","26.12","2026-06-27T10:48:15.369Z"
"2087_3_global_26.12",,2087,3,46.09,18938,"D","26.12","2026-06-27T10:48:15.369Z"
"2087_7_global_26.12",,2087,7,46.81,20150,"C","26.12","2026-06-27T10:48:15.369Z"
"2087_11_global_26.12",,2087,11,47.72,22031,"C","26.12","2026-06-27T10:48:15.369Z"
"2087_15_global_26.12",,2087,15,48,19936,"C","26.12","2026-06-27T10:48:15.369Z"
"2087_18_global_26.12",,2087,18,68.42,114,"B","26.12","2026-06-27T10:48:15.369Z"
"1211_7_global_26.12",,1211,7,51.05,16285,"A","26.12","2026-06-27T10:48:15.369Z"
"1211_11_global_26.12",,1211,11,50.76,30478,"A","26.12","2026-06-27T10:48:15.369Z"
"1211_15_global_26.12",,1211,15,51.44,43034,"A","26.12","2026-06-27T10:48:15.369Z"
"1211_18_global_26.12",,1211,18,59.62,52,"C","26.12","2026-06-27T10:48:15.369Z"
"1028_3_global_26.12",,1028,3,45.02,41729,"D","26.12","2026-06-27T10:48:15.369Z"
"1028_7_global_26.12",,1028,7,40.64,1218,"D","26.12","2026-06-27T10:48:15.369Z"
"1028_11_global_26.12",,1028,11,44.63,1470,"D","26.12","2026-06-27T10:48:15.369Z"
"1028_15_global_26.12",,1028,15,45.5,1490,"D","26.12","2026-06-27T10:48:15.369Z"
"2031_3_global_26.12",,2031,3,48.31,4829,"C","26.12","2026-06-27T10:48:15.369Z"
"2031_7_global_26.12",,2031,7,47.98,6759,"C","26.12","2026-06-27T10:48:15.369Z"
"2031_11_global_26.12",,2031,11,47.31,11062,"C","26.12","2026-06-27T10:48:15.369Z"
"2031_15_global_26.12",,2031,15,48.11,12275,"C","26.12","2026-06-27T10:48:15.369Z"
"1060_3_global_26.12",,1060,3,47.35,64496,"C","26.12","2026-06-27T10:48:15.369Z"
"1060_7_global_26.12",,1060,7,47.81,83813,"C","26.12","2026-06-27T10:48:15.369Z"
"1060_11_global_26.12",,1060,11,49.11,103875,"A","26.12","2026-06-27T10:48:15.369Z"
"1060_15_global_26.12",,1060,15,48.35,97149,"B","26.12","2026-06-27T10:48:15.369Z"
"1060_18_global_26.12",,1060,18,59.55,89,"C","26.12","2026-06-27T10:48:15.369Z"
"1062_3_global_26.12",,1062,3,50.59,1609,"B","26.12","2026-06-27T10:48:15.369Z"
"1062_7_global_26.12",,1062,7,48.31,6326,"C","26.12","2026-06-27T10:48:15.369Z"
"1062_11_global_26.12",,1062,11,48.86,9665,"C","26.12","2026-06-27T10:48:15.369Z"
"1062_15_global_26.12",,1062,15,49.7,13304,"B","26.12","2026-06-27T10:48:15.369Z"
"1403_3_global_26.12",,1403,3,49.21,13214,"C","26.12","2026-06-27T10:48:15.369Z"
"1403_7_global_26.12",,1403,7,49.04,19599,"B","26.12","2026-06-27T10:48:15.369Z"
"1403_11_global_26.12",,1403,11,48.67,26787,"C","26.12","2026-06-27T10:48:15.369Z"
"1403_15_global_26.12",,1403,15,47.86,26742,"C","26.12","2026-06-27T10:48:15.369Z"
"1068_3_global_26.12",,1068,3,44.11,1018,"D","26.12","2026-06-27T10:48:15.369Z"
"1068_7_global_26.12",,1068,7,43.83,1216,"D","26.12","2026-06-27T10:48:15.369Z"
"1068_11_global_26.12",,1068,11,45.52,2186,"D","26.12","2026-06-27T10:48:15.369Z"
"1068_15_global_26.12",,1068,15,46.99,2803,"D","26.12","2026-06-27T10:48:15.369Z"
"1384_7_global_26.12",,1384,7,50.51,17441,"B","26.12","2026-06-27T10:48:15.369Z"
"1384_11_global_26.12",,1384,11,51.52,32126,"A","26.12","2026-06-27T10:48:15.369Z"
"1384_15_global_26.12",,1384,15,50.77,42931,"A","26.12","2026-06-27T10:48:15.369Z"
"1384_18_global_26.12",,1384,18,63.64,55,"C","26.12","2026-06-27T10:48:15.369Z"
"2103_3_global_26.12",,2103,3,50.91,6604,"B","26.12","2026-06-27T10:48:15.369Z"
"2103_7_global_26.12",,2103,7,49.29,7399,"B","26.12","2026-06-27T10:48:15.369Z"
"2103_11_global_26.12",,2103,11,48.1,8061,"C","26.12","2026-06-27T10:48:15.369Z"
"1063_3_global_26.12",,1063,3,42.44,999,"D","26.12","2026-06-27T10:48:15.369Z"
"1063_7_global_26.12",,1063,7,43.38,2976,"D","26.12","2026-06-27T10:48:15.369Z"
"1063_11_global_26.12",,1063,11,45.66,4713,"D","26.12","2026-06-27T10:48:15.369Z"
"1063_15_global_26.12",,1063,15,48.55,6775,"C","26.12","2026-06-27T10:48:15.369Z"
"1348_3_global_26.12",,1348,3,45.75,23378,"D","26.12","2026-06-27T10:48:15.369Z"
"1348_7_global_26.12",,1348,7,44.8,24024,"D","26.12","2026-06-27T10:48:15.369Z"
"1348_11_global_26.12",,1348,11,45.9,23812,"D","26.12","2026-06-27T10:48:15.369Z"
"1348_15_global_26.12",,1348,15,45.25,19220,"D","26.12","2026-06-27T10:48:15.369Z"
"1348_18_global_26.12",,1348,18,66.87,163,"B","26.12","2026-06-27T10:48:15.369Z"
"2009_3_global_26.12",,2009,3,47.75,30848,"C","26.12","2026-06-27T10:48:15.369Z"
"2009_7_global_26.12",,2009,7,48.37,1040,"C","26.12","2026-06-27T10:48:15.369Z"
"2009_11_global_26.12",,2009,11,45.11,1268,"D","26.12","2026-06-27T10:48:15.369Z"
"2009_15_global_26.12",,2009,15,51.95,1357,"A","26.12","2026-06-27T10:48:15.369Z"
"2004_3_global_26.12",,2004,3,52.7,8619,"A","26.12","2026-06-27T10:48:15.369Z"
"2004_7_global_26.12",,2004,7,47.75,11421,"C","26.12","2026-06-27T10:48:15.369Z"
"1038_3_global_26.12",,1038,3,53.55,14301,"A","26.12","2026-06-27T10:48:15.369Z"
"1038_7_global_26.12",,1038,7,53.85,48656,"A","26.12","2026-06-27T10:48:15.369Z"
"1038_11_global_26.12",,1038,11,53.34,40896,"A","26.12","2026-06-27T10:48:15.369Z"
"1038_15_global_26.12",,1038,15,51.38,33200,"A","26.12","2026-06-27T10:48:15.369Z"
"1206_3_global_26.12",,1206,3,48.57,4186,"C","26.12","2026-06-27T10:48:15.369Z"
"1206_7_global_26.12",,1206,7,49.45,14216,"B","26.12","2026-06-27T10:48:15.369Z"
"1206_11_global_26.12",,1206,11,50.48,19131,"B","26.12","2026-06-27T10:48:15.369Z"
"1206_15_global_26.12",,1206,15,50.24,25173,"B","26.12","2026-06-27T10:48:15.369Z"
"1311_3_global_26.12",,1311,3,45.84,4858,"D","26.12","2026-06-27T10:48:15.369Z"
"1311_7_global_26.12",,1311,7,45.92,8473,"D","26.12","2026-06-27T10:48:15.369Z"
"1311_11_global_26.12",,1311,11,48.28,15626,"C","26.12","2026-06-27T10:48:15.369Z"
"1311_15_global_26.12",,1311,15,48.45,22824,"C","26.12","2026-06-27T10:48:15.369Z"
"1996_3_global_26.12",,1996,3,54.08,88945,"A","26.12","2026-06-27T10:48:15.369Z"
"1996_7_global_26.12",,1996,7,48.65,2370,"C","26.12","2026-06-27T10:48:15.369Z"
"1996_11_global_26.12",,1996,11,50.85,3638,"B","26.12","2026-06-27T10:48:15.369Z"
"1996_15_global_26.12",,1996,15,49.09,4569,"C","26.12","2026-06-27T10:48:15.369Z"
"1401_3_global_26.12",,1401,3,53.07,29765,"A","26.12","2026-06-27T10:48:15.369Z"
"1401_7_global_26.12",,1401,7,52.17,88854,"A","26.12","2026-06-27T10:48:15.369Z"
"1401_11_global_26.12",,1401,11,51.89,80722,"A","26.12","2026-06-27T10:48:15.369Z"
"1401_15_global_26.12",,1401,15,47.71,459,"C","26.12","2026-06-27T10:48:15.369Z"
"1308_3_global_26.12",,1308,3,49.42,32468,"B","26.12","2026-06-27T10:48:15.369Z"
"1308_7_global_26.12",,1308,7,50.27,40691,"B","26.12","2026-06-27T10:48:15.369Z"
"1308_11_global_26.12",,1308,11,50.71,44571,"A","26.12","2026-06-27T10:48:15.369Z"
"1308_15_global_26.12",,1308,15,44.86,185,"D","26.12","2026-06-27T10:48:15.369Z"
"1047_3_global_26.12",,1047,3,58.02,29607,"S","26.12","2026-06-27T10:48:15.369Z"
"1047_7_global_26.12",,1047,7,56.63,88640,"S","26.12","2026-06-27T10:48:15.369Z"
"1047_11_global_26.12",,1047,11,55.45,85509,"S","26.12","2026-06-27T10:48:15.369Z"
"1047_15_global_26.12",,1047,15,53.71,82087,"S","26.12","2026-06-27T10:48:15.369Z"
"1315_3_global_26.12",,1315,3,51.25,5003,"B","26.12","2026-06-27T10:48:15.369Z"
"1315_7_global_26.12",,1315,7,50.9,16624,"B","26.12","2026-06-27T10:48:15.369Z"
"1315_11_global_26.12",,1315,11,51.71,21904,"A","26.12","2026-06-27T10:48:15.369Z"
"1315_15_global_26.12",,1315,15,51.86,26922,"A","26.12","2026-06-27T10:48:15.369Z"
"2129_3_global_26.12",,2129,3,48.51,1542,"C","26.12","2026-06-27T10:48:15.369Z"
"2129_7_global_26.12",,2129,7,50.18,6839,"B","26.12","2026-06-27T10:48:15.369Z"
"2129_11_global_26.12",,2129,11,51.05,10474,"B","26.12","2026-06-27T10:48:15.369Z"
"2129_15_global_26.12",,2129,15,50.88,14878,"A","26.12","2026-06-27T10:48:15.369Z"
"1337_3_global_26.12",,1337,3,52.25,4230,"A","26.12","2026-06-27T10:48:15.369Z"
"1337_7_global_26.12",,1337,7,49.46,5556,"B","26.12","2026-06-27T10:48:15.369Z"
"1337_11_global_26.12",,1337,11,48.97,7249,"C","26.12","2026-06-27T10:48:15.369Z"
"1337_15_global_26.12",,1337,15,49.47,7178,"B","26.12","2026-06-27T10:48:15.369Z"
"1073_3_global_26.12",,1073,3,57.54,66038,"S","26.12","2026-06-27T10:48:15.369Z"
"1073_7_global_26.12",,1073,7,56.78,74465,"S","26.12","2026-06-27T10:48:15.369Z"
"1073_11_global_26.12",,1073,11,58.68,89676,"S","26.12","2026-06-27T10:48:15.369Z"
"1073_15_global_26.12",,1073,15,56.97,81046,"S","26.12","2026-06-27T10:48:15.369Z"
"1073_18_global_26.12",,1073,18,63.5,274,"C","26.12","2026-06-27T10:48:15.369Z"
"1018_3_global_26.12",,1018,3,53.76,9938,"A","26.12","2026-06-27T10:48:15.369Z"
"1018_7_global_26.12",,1018,7,53.05,32647,"A","26.12","2026-06-27T10:48:15.369Z"
"1018_11_global_26.12",,1018,11,52.91,29183,"A","26.12","2026-06-27T10:48:15.369Z"
"1018_15_global_26.12",,1018,15,50.95,23682,"A","26.12","2026-06-27T10:48:15.369Z"
"2018_3_global_26.12",,2018,3,46.22,3793,"D","26.12","2026-06-27T10:48:15.369Z"
"2018_7_global_26.12",,2018,7,46.25,6718,"D","26.12","2026-06-27T10:48:15.369Z"
"2018_11_global_26.12",,2018,11,49.43,13693,"B","26.12","2026-06-27T10:48:15.369Z"
"2018_15_global_26.12",,2018,15,50.73,21157,"A","26.12","2026-06-27T10:48:15.369Z"
"1088_3_global_26.12",,1088,3,46.78,4857,"D","26.12","2026-06-27T10:48:15.369Z"
"1088_7_global_26.12",,1088,7,46.19,7679,"D","26.12","2026-06-27T10:48:15.369Z"
"1088_11_global_26.12",,1088,11,47.59,14051,"C","26.12","2026-06-27T10:48:15.369Z"
"1088_15_global_26.12",,1088,15,47.04,18082,"D","26.12","2026-06-27T10:48:15.369Z"
"1205_3_global_26.12",,1205,3,49.92,17509,"B","26.12","2026-06-27T10:48:15.369Z"
"1205_7_global_26.12",,1205,7,47.6,1271,"C","26.12","2026-06-27T10:48:15.369Z"
"1205_11_global_26.12",,1205,11,46.81,1519,"D","26.12","2026-06-27T10:48:15.369Z"
"1205_15_global_26.12",,1205,15,47.84,1994,"C","26.12","2026-06-27T10:48:15.369Z"
"2073_3_global_26.12",,2073,3,44.67,5247,"D","26.12","2026-06-27T10:48:15.369Z"
"2073_7_global_26.12",,2073,7,46.08,7205,"D","26.12","2026-06-27T10:48:15.369Z"
"2073_11_global_26.12",,2073,11,46.62,12618,"D","26.12","2026-06-27T10:48:15.369Z"
"2073_15_global_26.12",,2073,15,46.9,15700,"D","26.12","2026-06-27T10:48:15.369Z"
"1322_3_global_26.12",,1322,3,52.42,78017,"A","26.12","2026-06-27T10:48:15.369Z"
"1322_7_global_26.12",,1322,7,50.3,66624,"B","26.12","2026-06-27T10:48:15.369Z"
"1322_11_global_26.12",,1322,11,39.53,382,"D","26.12","2026-06-27T10:48:15.369Z"
"1322_15_global_26.12",,1322,15,40.68,263,"D","26.12","2026-06-27T10:48:15.369Z"
"1026_3_global_26.12",,1026,3,56.4,58104,"S","26.12","2026-06-27T10:48:15.369Z"
"1026_7_global_26.12",,1026,7,55.94,73616,"S","26.12","2026-06-27T10:48:15.369Z"
"1026_11_global_26.12",,1026,11,55.85,83143,"S","26.12","2026-06-27T10:48:15.369Z"
"1026_15_global_26.12",,1026,15,54.06,79377,"S","26.12","2026-06-27T10:48:15.369Z"
"1026_18_global_26.12",,1026,18,68.97,232,"A","26.12","2026-06-27T10:48:15.369Z"
"1416_3_global_26.12",,1416,3,50.39,4888,"B","26.12","2026-06-27T10:48:15.369Z"
"1416_7_global_26.12",,1416,7,50.57,18480,"B","26.12","2026-06-27T10:48:15.369Z"
"1416_11_global_26.12",,1416,11,51.98,28048,"A","26.12","2026-06-27T10:48:15.369Z"
"1416_15_global_26.12",,1416,15,52.28,37224,"A","26.12","2026-06-27T10:48:15.369Z"
"1331_3_global_26.12",,1331,3,46.65,1269,"D","26.12","2026-06-27T10:48:15.369Z"
"1331_7_global_26.12",,1331,7,47.65,1996,"C","26.12","2026-06-27T10:48:15.369Z"
"1331_11_global_26.12",,1331,11,48.53,3956,"C","26.12","2026-06-27T10:48:15.369Z"
"1331_15_global_26.12",,1331,15,51.76,5782,"A","26.12","2026-06-27T10:48:15.369Z"
"1046_3_global_26.12",,1046,3,60.99,122036,"S","26.12","2026-06-27T10:48:15.369Z"
"1046_7_global_26.12",,1046,7,56.51,121477,"S","26.12","2026-06-27T10:48:15.369Z"
"1046_11_global_26.12",,1046,11,42.67,300,"D","26.12","2026-06-27T10:48:15.369Z"
"1046_15_global_26.12",,1046,15,38.36,219,"D","26.12","2026-06-27T10:48:15.369Z"
"1243_3_global_26.12",,1243,3,54.36,234860,"S","26.12","2026-06-27T10:48:15.369Z"
"1243_7_global_26.12",,1243,7,47,9378,"C","26.12","2026-06-27T10:48:15.369Z"
"1243_11_global_26.12",,1243,11,48.89,15599,"C","26.12","2026-06-27T10:48:15.369Z"
"1243_15_global_26.12",,1243,15,49.28,19159,"B","26.12","2026-06-27T10:48:15.369Z"
"1092_3_global_26.12",,1092,3,50.57,29721,"B","26.12","2026-06-27T10:48:15.369Z"
"1092_7_global_26.12",,1092,7,50.37,48616,"B","26.12","2026-06-27T10:48:15.369Z"
"1092_11_global_26.12",,1092,11,52.52,67417,"A","26.12","2026-06-27T10:48:15.369Z"
"1092_15_global_26.12",,1092,15,51.61,64132,"A","26.12","2026-06-27T10:48:15.369Z"
"1092_18_global_26.12",,1092,18,60.71,56,"C","26.12","2026-06-27T10:48:15.369Z"
"2144_3_global_26.12",,2144,3,45.41,24450,"D","26.12","2026-06-27T10:48:15.369Z"
"2144_7_global_26.12",,2144,7,45.55,25300,"D","26.12","2026-06-27T10:48:15.369Z"
"2144_11_global_26.12",,2144,11,47.56,30120,"C","26.12","2026-06-27T10:48:15.369Z"
"2144_15_global_26.12",,2144,15,47.17,27037,"C","26.12","2026-06-27T10:48:15.369Z"
"2144_18_global_26.12",,2144,18,63.95,147,"C","26.12","2026-06-27T10:48:15.369Z"
"1332_3_global_26.12",,1332,3,48.31,17318,"C","26.12","2026-06-27T10:48:15.369Z"
"1332_7_global_26.12",,1332,7,46.68,21720,"C","26.12","2026-06-27T10:48:15.369Z"
"1332_11_global_26.12",,1332,11,47.02,25044,"C","26.12","2026-06-27T10:48:15.369Z"
"1332_15_global_26.12",,1332,15,45.96,24261,"D","26.12","2026-06-27T10:48:15.369Z"
"1332_18_global_26.12",,1332,18,71.18,229,"A","26.12","2026-06-27T10:48:15.369Z"
"2128_3_global_26.12",,2128,3,64.34,20702,"S","26.12","2026-06-27T10:48:15.369Z"
"2128_7_global_26.12",,2128,7,61.27,21543,"S","26.12","2026-06-27T10:48:15.369Z"
"2128_11_global_26.12",,2128,11,59.34,21358,"S","26.12","2026-06-27T10:48:15.369Z"
"2128_15_global_26.12",,2128,15,56.26,19429,"S","26.12","2026-06-27T10:48:15.369Z"
"2128_18_global_26.12",,2128,18,83.33,78,"S","26.12","2026-06-27T10:48:15.369Z"
"1103_3_global_26.12",,1103,3,51.52,43748,"A","26.12","2026-06-27T10:48:15.369Z"
"1103_7_global_26.12",,1103,7,51.2,43420,"A","26.12","2026-06-27T10:48:15.369Z"
"1103_11_global_26.12",,1103,11,51.9,44948,"A","26.12","2026-06-27T10:48:15.369Z"
"1103_15_global_26.12",,1103,15,50.91,38436,"A","26.12","2026-06-27T10:48:15.369Z"
"1103_18_global_26.12",,1103,18,69.67,211,"A","26.12","2026-06-27T10:48:15.369Z"
"1349_3_global_26.12",,1349,3,54.87,45534,"A","26.12","2026-06-27T10:48:15.369Z"
"1349_7_global_26.12",,1349,7,53.8,50668,"A","26.12","2026-06-27T10:48:15.369Z"
"1349_11_global_26.12",,1349,11,54.4,51176,"S","26.12","2026-06-27T10:48:15.369Z"
"1349_15_global_26.12",,1349,15,54.04,46022,"S","26.12","2026-06-27T10:48:15.369Z"
"1349_18_global_26.12",,1349,18,65.26,213,"B","26.12","2026-06-27T10:48:15.369Z"
"1323_3_global_26.12",,1323,3,58.97,93384,"S","26.12","2026-06-27T10:48:15.369Z"
"1323_7_global_26.12",,1323,7,58.38,85705,"S","26.12","2026-06-27T10:48:15.369Z"
"1323_11_global_26.12",,1323,11,56.89,83967,"S","26.12","2026-06-27T10:48:15.369Z"
"1323_15_global_26.12",,1323,15,55.03,79684,"S","26.12","2026-06-27T10:48:15.369Z"
"1323_18_global_26.12",,1323,18,66.04,53,"B","26.12","2026-06-27T10:48:15.369Z"
"1084_3_global_26.12",,1084,3,47.14,995,"D","26.12","2026-06-27T10:48:15.369Z"
"1084_7_global_26.12",,1084,7,47.42,4074,"C","26.12","2026-06-27T10:48:15.369Z"
"1084_11_global_26.12",,1084,11,48.71,6337,"C","26.12","2026-06-27T10:48:15.369Z"
"1084_15_global_26.12",,1084,15,47.86,8758,"C","26.12","2026-06-27T10:48:15.369Z"
"2123_3_global_26.12",,2123,3,50.29,515,"B","26.12","2026-06-27T10:48:15.369Z"
"2123_7_global_26.12",,2123,7,53.32,844,"A","26.12","2026-06-27T10:48:15.369Z"
"2123_11_global_26.12",,2123,11,47.33,1407,"D","26.12","2026-06-27T10:48:15.369Z"
"2123_15_global_26.12",,2123,15,49.37,1673,"B","26.12","2026-06-27T10:48:15.369Z"
"2125_3_global_26.12",,2125,3,51.34,37877,"B","26.12","2026-06-27T10:48:15.369Z"
"2125_7_global_26.12",,2125,7,51.09,779,"B","26.12","2026-06-27T10:48:15.369Z"
"2125_11_global_26.12",,2125,11,49.63,1201,"B","26.12","2026-06-27T10:48:15.369Z"
"2125_15_global_26.12",,2125,15,47.38,1509,"D","26.12","2026-06-27T10:48:15.369Z"
"2131_3_global_26.12",,2131,3,48.47,5344,"C","26.12","2026-06-27T10:48:15.369Z"
"2131_7_global_26.12",,2131,7,49.1,10241,"B","26.12","2026-06-27T10:48:15.369Z"
"2131_11_global_26.12",,2131,11,50.49,20991,"B","26.12","2026-06-27T10:48:15.369Z"
"2131_15_global_26.12",,2131,15,50.73,30000,"A","26.12","2026-06-27T10:48:15.369Z"
"1335_3_global_26.12",,1335,3,48.37,34275,"C","26.12","2026-06-27T10:48:15.369Z"
"1335_7_global_26.12",,1335,7,50.07,47401,"B","26.12","2026-06-27T10:48:15.369Z"
"1335_11_global_26.12",,1335,11,52.81,69949,"S","26.12","2026-06-27T10:48:15.369Z"
"1335_15_global_26.12",,1335,15,52.49,67658,"S","26.12","2026-06-27T10:48:15.369Z"
"1335_18_global_26.12",,1335,18,66.67,60,"B","26.12","2026-06-27T10:48:15.369Z"
"2119_3_global_26.12",,2119,3,54.51,30179,"A","26.12","2026-06-27T10:48:15.369Z"
"2119_7_global_26.12",,2119,7,53.95,95645,"S","26.12","2026-06-27T10:48:15.369Z"
"2119_11_global_26.12",,2119,11,54.1,96024,"S","26.12","2026-06-27T10:48:15.369Z"
"2119_15_global_26.12",,2119,15,52.74,97326,"S","26.12","2026-06-27T10:48:15.369Z"
"2119_18_global_26.12",,2119,18,56.73,104,"D","26.12","2026-06-27T10:48:15.369Z"
"1214_3_global_26.12",,1214,3,50.24,7588,"B","26.12","2026-06-27T10:48:15.369Z"
"1214_7_global_26.12",,1214,7,49.93,27138,"B","26.12","2026-06-27T10:48:15.369Z"
"1214_11_global_26.12",,1214,11,49.73,23443,"B","26.12","2026-06-27T10:48:15.369Z"
"1214_15_global_26.12",,1214,15,48.75,20557,"C","26.12","2026-06-27T10:48:15.369Z"
"1151_3_global_26.12",,1151,3,48.35,11515,"C","26.12","2026-06-27T10:48:15.369Z"
"1151_7_global_26.12",,1151,7,47.51,13963,"C","26.12","2026-06-27T10:48:15.369Z"
"1151_11_global_26.12",,1151,11,47.71,15562,"C","26.12","2026-06-27T10:48:15.369Z"
"1151_15_global_26.12",,1151,15,47.03,13720,"D","26.12","2026-06-27T10:48:15.369Z"
"1015_3_global_26.12",,1015,3,53.57,3791,"A","26.12","2026-06-27T10:48:15.370Z"
"1015_7_global_26.12",,1015,7,53.68,14949,"A","26.12","2026-06-27T10:48:15.370Z"
"1015_11_global_26.12",,1015,11,53.39,24343,"A","26.12","2026-06-27T10:48:15.370Z"
"1015_15_global_26.12",,1015,15,53.91,34423,"S","26.12","2026-06-27T10:48:15.370Z"
"1154_3_global_26.12",,1154,3,54.66,42286,"A","26.12","2026-06-27T10:48:15.370Z"
"1154_7_global_26.12",,1154,7,52.37,113774,"A","26.12","2026-06-27T10:48:15.370Z"
"1154_11_global_26.12",,1154,11,50.89,97190,"A","26.12","2026-06-27T10:48:15.370Z"
"1154_15_global_26.12",,1154,15,46.26,508,"D","26.12","2026-06-27T10:48:15.370Z"
"1116_3_global_26.12",,1116,3,43.18,13885,"D","26.12","2026-06-27T10:48:15.370Z"
"1116_7_global_26.12",,1116,7,43.78,18132,"D","26.12","2026-06-27T10:48:15.370Z"
"1116_11_global_26.12",,1116,11,45.04,25571,"D","26.12","2026-06-27T10:48:15.370Z"
"1116_15_global_26.12",,1116,15,44.97,24865,"D","26.12","2026-06-27T10:48:15.370Z"
"1116_18_global_26.12",,1116,18,71.43,294,"S","26.12","2026-06-27T10:48:15.370Z"
"1301_3_global_26.12",,1301,3,46.35,100542,"C","26.12","2026-06-27T10:48:15.370Z"
"1301_7_global_26.12",,1301,7,44.52,5424,"D","26.12","2026-06-27T10:48:15.370Z"
"1301_11_global_26.12",,1301,11,34.72,72,"D","26.12","2026-06-27T10:48:15.370Z"
"1150_7_global_26.12",,1150,7,67.31,52,"S","26.12","2026-06-27T10:48:15.370Z"
"1150_11_global_26.12",,1150,11,69.16,509,"S","26.12","2026-06-27T10:48:15.370Z"
"1150_15_global_26.12",,1150,15,52.26,13534,"A","26.12","2026-06-27T10:48:15.370Z"
"1150_18_global_26.12",,1150,18,71.43,126,"A","26.12","2026-06-27T10:48:15.370Z"
"1404_3_global_26.12",,1404,3,46.39,1095,"D","26.12","2026-06-27T10:48:15.370Z"
"1404_7_global_26.12",,1404,7,47.59,1431,"C","26.12","2026-06-27T10:48:15.370Z"
"1404_11_global_26.12",,1404,11,46.88,2161,"D","26.12","2026-06-27T10:48:15.370Z"
"1404_15_global_26.12",,1404,15,46.74,2422,"D","26.12","2026-06-27T10:48:15.370Z"
"1061_7_global_26.12",,1061,7,55.86,1656,"S","26.12","2026-06-27T10:48:15.370Z"
"1061_11_global_26.12",,1061,11,48.98,49286,"B","26.12","2026-06-27T10:48:15.370Z"
"1061_15_global_26.12",,1061,15,49.07,59471,"B","26.12","2026-06-27T10:48:15.370Z"
"1061_18_global_26.12",,1061,18,59.26,54,"D","26.12","2026-06-27T10:48:15.370Z"
"2098_3_global_26.12",,2098,3,54.85,105096,"S","26.12","2026-06-27T10:48:15.370Z"
"2098_7_global_26.12",,2098,7,54.09,107507,"S","26.12","2026-06-27T10:48:15.370Z"
"2098_11_global_26.12",,2098,11,53.88,111656,"S","26.12","2026-06-27T10:48:15.370Z"
"2098_15_global_26.12",,2098,15,53.79,110565,"S","26.12","2026-06-27T10:48:15.370Z"
"2098_18_global_26.12",,2098,18,67.95,78,"B","26.12","2026-06-27T10:48:15.370Z"
"1054_3_global_26.12",,1054,3,58.1,177388,"S","26.12","2026-06-27T10:48:15.370Z"
"1054_7_global_26.12",,1054,7,56.7,162981,"S","26.12","2026-06-27T10:48:15.370Z"
"1054_11_global_26.12",,1054,11,55.62,157894,"S","26.12","2026-06-27T10:48:15.370Z"
"1054_15_global_26.12",,1054,15,46.63,549,"D","26.12","2026-06-27T10:48:15.370Z"
"1072_3_global_26.12",,1072,3,49.67,20920,"B","26.12","2026-06-27T10:48:15.370Z"
"1072_7_global_26.12",,1072,7,48.99,19231,"B","26.12","2026-06-27T10:48:15.370Z"
"1072_11_global_26.12",,1072,11,48.4,18833,"C","26.12","2026-06-27T10:48:15.370Z"
"1072_15_global_26.12",,1072,15,47.92,16384,"C","26.12","2026-06-27T10:48:15.370Z"
"2133_3_global_26.12",,2133,3,51.74,11418,"B","26.12","2026-06-27T10:48:15.370Z"
"2133_7_global_26.12",,2133,7,51.5,32494,"A","26.12","2026-06-27T10:48:15.370Z"
"2133_11_global_26.12",,2133,11,50.18,30699,"B","26.12","2026-06-27T10:48:15.370Z"
"2133_15_global_26.12",,2133,15,49.61,28493,"B","26.12","2026-06-27T10:48:15.370Z"
"1104_3_global_26.12",,1104,3,50.19,109917,"B","26.12","2026-06-27T10:48:15.370Z"
"1104_7_global_26.12",,1104,7,45.84,7460,"D","26.12","2026-06-27T10:48:15.370Z"
"1104_11_global_26.12",,1104,11,46.45,10145,"D","26.12","2026-06-27T10:48:15.370Z"
"1104_15_global_26.12",,1104,15,47.16,9843,"D","26.12","2026-06-27T10:48:15.370Z"
"2137_3_global_26.12",,2137,3,51.71,26060,"A","26.12","2026-06-27T10:48:15.370Z"
"2137_7_global_26.12",,2137,7,50.67,32324,"B","26.12","2026-06-27T10:48:15.370Z"
"2137_11_global_26.12",,2137,11,47.52,141,"C","26.12","2026-06-27T10:48:15.370Z"
"2137_15_global_26.12",,2137,15,53.98,113,"S","26.12","2026-06-27T10:48:15.370Z"
"1057_3_global_26.12",,1057,3,46.56,3608,"D","26.12","2026-06-27T10:48:15.370Z"
"1057_7_global_26.12",,1057,7,46.72,6942,"D","26.12","2026-06-27T10:48:15.370Z"
"1057_11_global_26.12",,1057,11,48.95,14228,"C","26.12","2026-06-27T10:48:15.370Z"
"1057_15_global_26.12",,1057,15,48.93,18663,"C","26.12","2026-06-27T10:48:15.370Z"
"1194_3_global_26.12",,1194,3,50.65,13362,"B","26.12","2026-06-27T10:48:15.370Z"
"1194_7_global_26.12",,1194,7,48.62,909,"C","26.12","2026-06-27T10:48:15.370Z"
"1194_11_global_26.12",,1194,11,51.2,1168,"B","26.12","2026-06-27T10:48:15.370Z"
"1194_15_global_26.12",,1194,15,50.31,1777,"B","26.12","2026-06-27T10:48:15.370Z"
"1034_3_global_26.12",,1034,3,55.38,279987,"S","26.12","2026-06-27T10:48:15.370Z"
"1034_7_global_26.12",,1034,7,46.35,6531,"D","26.12","2026-06-27T10:48:15.370Z"
"1034_11_global_26.12",,1034,11,47.26,804,"D","26.12","2026-06-27T10:48:15.370Z"
"1034_15_global_26.12",,1034,15,44.57,359,"D","26.12","2026-06-27T10:48:15.370Z"
"1379_3_global_26.12",,1379,3,48.76,13147,"C","26.12","2026-06-27T10:48:15.370Z"
"1379_7_global_26.12",,1379,7,48.93,17187,"B","26.12","2026-06-27T10:48:15.370Z"
"1379_11_global_26.12",,1379,11,48.83,18604,"C","26.12","2026-06-27T10:48:15.370Z"
"1379_15_global_26.12",,1379,15,48.46,17694,"C","26.12","2026-06-27T10:48:15.370Z"
"1379_18_global_26.12",,1379,18,70.55,163,"A","26.12","2026-06-27T10:48:15.370Z"
"1402_3_global_26.12",,1402,3,46.33,16666,"D","26.12","2026-06-27T10:48:15.370Z"
"1402_7_global_26.12",,1402,7,46.34,26442,"D","26.12","2026-06-27T10:48:15.370Z"
"1402_11_global_26.12",,1402,11,47.25,33959,"C","26.12","2026-06-27T10:48:15.370Z"
"1402_15_global_26.12",,1402,15,47.22,34623,"C","26.12","2026-06-27T10:48:15.370Z"
"1329_7_global_26.12",,1329,7,45.1,4718,"D","26.12","2026-06-27T10:48:15.370Z"
"1329_11_global_26.12",,1329,11,49.62,8095,"B","26.12","2026-06-27T10:48:15.370Z"
"1329_15_global_26.12",,1329,15,54.24,10004,"S","26.12","2026-06-27T10:48:15.370Z"
"1329_18_global_26.12",,1329,18,72.41,87,"S","26.12","2026-06-27T10:48:15.370Z"
"2136_3_global_26.12",,2136,3,53.94,254401,"S","26.12","2026-06-27T10:48:15.370Z"
"2136_7_global_26.12",,2136,7,45.23,6032,"D","26.12","2026-06-27T10:48:15.370Z"
"2136_11_global_26.12",,2136,11,45.72,584,"D","26.12","2026-06-27T10:48:15.370Z"
"2136_15_global_26.12",,2136,15,50.18,275,"B","26.12","2026-06-27T10:48:15.370Z"
"1324_3_global_26.12",,1324,3,46.41,5949,"D","26.12","2026-06-27T10:48:15.370Z"
"1324_7_global_26.12",,1324,7,47.66,18313,"C","26.12","2026-06-27T10:48:15.370Z"
"1324_11_global_26.12",,1324,11,47.59,18438,"C","26.12","2026-06-27T10:48:15.370Z"
"1324_15_global_26.12",,1324,15,47.22,18505,"D","26.12","2026-06-27T10:48:15.370Z"
"1002_3_global_26.12",,1002,3,50.84,2563,"B","26.12","2026-06-27T10:48:15.370Z"
"1002_7_global_26.12",,1002,7,51.2,9652,"A","26.12","2026-06-27T10:48:15.370Z"
"1002_11_global_26.12",,1002,11,50.79,13317,"B","26.12","2026-06-27T10:48:15.370Z"
"1002_15_global_26.12",,1002,15,50.2,16992,"B","26.12","2026-06-27T10:48:15.370Z"
"1079_3_global_26.12",,1079,3,53.71,104284,"A","26.12","2026-06-27T10:48:15.370Z"
"1079_7_global_26.12",,1079,7,53.95,121945,"S","26.12","2026-06-27T10:48:15.370Z"
"1079_11_global_26.12",,1079,11,55.92,154286,"S","26.12","2026-06-27T10:48:15.370Z"
"1079_15_global_26.12",,1079,15,54.47,138140,"S","26.12","2026-06-27T10:48:15.370Z"
"1079_18_global_26.12",,1079,18,62.43,181,"C","26.12","2026-06-27T10:48:15.370Z"
"1067_3_global_26.12",,1067,3,58.3,19665,"S","26.12","2026-06-27T10:48:15.370Z"
"1067_7_global_26.12",,1067,7,55.78,58642,"S","26.12","2026-06-27T10:48:15.370Z"
"1067_11_global_26.12",,1067,11,55.14,48573,"S","26.12","2026-06-27T10:48:15.370Z"
"1067_15_global_26.12",,1067,15,47.79,226,"C","26.12","2026-06-27T10:48:15.370Z"
"1112_3_global_26.12",,1112,3,53.35,3976,"A","26.12","2026-06-27T10:48:15.370Z"
"1112_7_global_26.12",,1112,7,52.69,5811,"A","26.12","2026-06-27T10:48:15.370Z"
"1112_11_global_26.12",,1112,11,53.99,9728,"A","26.12","2026-06-27T10:48:15.370Z"
"1112_15_global_26.12",,1112,15,53.79,10779,"S","26.12","2026-06-27T10:48:15.370Z"
"1112_18_global_26.12",,1112,18,66.95,118,"B","26.12","2026-06-27T10:48:15.370Z"
"2024_7_global_26.12",,2024,7,56.77,1175,"S","26.12","2026-06-27T10:48:15.370Z"
"2024_11_global_26.12",,2024,11,48.35,37960,"C","26.12","2026-06-27T10:48:15.370Z"
"2024_15_global_26.12",,2024,15,49.09,46938,"B","26.12","2026-06-27T10:48:15.370Z"
"1149_3_global_26.12",,1149,3,50.02,22460,"B","26.12","2026-06-27T10:48:15.370Z"
"1149_7_global_26.12",,1149,7,48.88,24794,"B","26.12","2026-06-27T10:48:15.370Z"
"1149_11_global_26.12",,1149,11,48.58,28718,"C","26.12","2026-06-27T10:48:15.370Z"
"1149_15_global_26.12",,1149,15,48.25,25599,"C","26.12","2026-06-27T10:48:15.370Z"
"1149_18_global_26.12",,1149,18,74.04,208,"S","26.12","2026-06-27T10:48:15.370Z"
"1413_3_global_26.12",,1413,3,55.41,66399,"S","26.12","2026-06-27T10:48:15.370Z"
"1413_7_global_26.12",,1413,7,54.35,76429,"S","26.12","2026-06-27T10:48:15.370Z"
"1413_11_global_26.12",,1413,11,54.77,78608,"S","26.12","2026-06-27T10:48:15.370Z"
"1413_15_global_26.12",,1413,15,54.12,71154,"S","26.12","2026-06-27T10:48:15.370Z"
"1413_18_global_26.12",,1413,18,66.84,190,"B","26.12","2026-06-27T10:48:15.370Z"
"1019_3_global_26.12",,1019,3,46.63,8563,"D","26.12","2026-06-27T10:48:15.370Z"
"1019_7_global_26.12",,1019,7,45.84,10851,"D","26.12","2026-06-27T10:48:15.370Z"
"1019_11_global_26.12",,1019,11,46.21,12610,"D","26.12","2026-06-27T10:48:15.370Z"
"1019_15_global_26.12",,1019,15,46.06,11727,"D","26.12","2026-06-27T10:48:15.370Z"
"1019_18_global_26.12",,1019,18,70,130,"A","26.12","2026-06-27T10:48:15.370Z"
"1025_3_global_26.12",,1025,3,45.49,3436,"D","26.12","2026-06-27T10:48:15.370Z"
"1025_7_global_26.12",,1025,7,46.39,9562,"D","26.12","2026-06-27T10:48:15.370Z"
"1025_11_global_26.12",,1025,11,46.85,12501,"D","26.12","2026-06-27T10:48:15.370Z"
"1025_15_global_26.12",,1025,15,47.36,15031,"D","26.12","2026-06-27T10:48:15.370Z"
"1187_3_global_26.12",,1187,3,51.02,11194,"B","26.12","2026-06-27T10:48:15.370Z"
"1187_7_global_26.12",,1187,7,51.27,33616,"A","26.12","2026-06-27T10:48:15.370Z"
"1187_11_global_26.12",,1187,11,51.84,44538,"A","26.12","2026-06-27T10:48:15.370Z"
"1187_15_global_26.12",,1187,15,51.64,56481,"A","26.12","2026-06-27T10:48:15.370Z"
"1187_18_global_26.12",,1187,18,51.49,235,"D","26.12","2026-06-27T10:48:15.370Z"
"2065_3_global_26.12",,2065,3,44.46,12297,"D","26.12","2026-06-27T10:48:15.370Z"
"2065_7_global_26.12",,2065,7,44.77,15015,"D","26.12","2026-06-27T10:48:15.370Z"
"2065_11_global_26.12",,2065,11,47.47,16316,"C","26.12","2026-06-27T10:48:15.370Z"
"2065_15_global_26.12",,2065,15,49.4,13174,"B","26.12","2026-06-27T10:48:15.370Z"
"2054_3_global_26.12",,2054,3,46.89,18255,"D","26.12","2026-06-27T10:48:15.370Z"
"2054_7_global_26.12",,2054,7,47.01,29805,"C","26.12","2026-06-27T10:48:15.370Z"
"2054_11_global_26.12",,2054,11,48.59,43652,"B","26.12","2026-06-27T10:48:15.370Z"
"2054_15_global_26.12",,2054,15,46.8,38746,"D","26.12","2026-06-27T10:48:15.370Z"
"1036_3_global_26.12",,1036,3,51.64,4165,"B","26.12","2026-06-27T10:48:15.370Z"
"1036_7_global_26.12",,1036,7,51.68,13864,"A","26.12","2026-06-27T10:48:15.370Z"
"1036_11_global_26.12",,1036,11,52.76,19441,"A","26.12","2026-06-27T10:48:15.370Z"
"1036_15_global_26.12",,1036,15,52.95,25882,"S","26.12","2026-06-27T10:48:15.370Z"
"2089_3_global_26.12",,2089,3,50.91,116034,"A","26.12","2026-06-27T10:48:15.370Z"
"2089_7_global_26.12",,2089,7,49.5,105688,"B","26.12","2026-06-27T10:48:15.370Z"
"2089_11_global_26.12",,2089,11,41.71,597,"D","26.12","2026-06-27T10:48:15.370Z"
"2089_15_global_26.12",,2089,15,48.6,358,"C","26.12","2026-06-27T10:48:15.370Z"
"2091_3_global_26.12",,2091,3,59.51,160370,"S","26.12","2026-06-27T10:48:15.370Z"
"2091_7_global_26.12",,2091,7,59.13,149414,"S","26.12","2026-06-27T10:48:15.370Z"
"2091_11_global_26.12",,2091,11,41.1,382,"D","26.12","2026-06-27T10:48:15.370Z"
"2091_15_global_26.12",,2091,15,37.61,226,"D","26.12","2026-06-27T10:48:15.370Z"
"2139_3_global_26.12",,2139,3,51.82,40544,"A","26.12","2026-06-27T10:48:15.370Z"
"2139_7_global_26.12",,2139,7,50.6,42446,"B","26.12","2026-06-27T10:48:15.370Z"
"2139_11_global_26.12",,2139,11,51.07,51658,"A","26.12","2026-06-27T10:48:15.370Z"
"2139_15_global_26.12",,2139,15,50.4,46404,"A","26.12","2026-06-27T10:48:15.370Z"
"1326_3_global_26.12",,1326,3,48.77,6938,"C","26.12","2026-06-27T10:48:15.370Z"
"1326_7_global_26.12",,1326,7,48.07,23537,"C","26.12","2026-06-27T10:48:15.370Z"
"1326_11_global_26.12",,1326,11,47.87,24879,"C","26.12","2026-06-27T10:48:15.370Z"
"1326_15_global_26.12",,1326,15,48.5,26940,"C","26.12","2026-06-27T10:48:15.370Z"
"1345_3_global_26.12",,1345,3,56.15,7987,"S","26.12","2026-06-27T10:48:15.370Z"
"1345_7_global_26.12",,1345,7,54.71,27089,"S","26.12","2026-06-27T10:48:15.370Z"
"1345_11_global_26.12",,1345,11,53.47,28710,"A","26.12","2026-06-27T10:48:15.370Z"
"1345_15_global_26.12",,1345,15,51.77,31142,"A","26.12","2026-06-27T10:48:15.370Z"
"1347_3_global_26.12",,1347,3,49.94,29389,"B","26.12","2026-06-27T10:48:15.370Z"
"1347_7_global_26.12",,1347,7,49.44,37019,"B","26.12","2026-06-27T10:48:15.370Z"
"1347_11_global_26.12",,1347,11,50.27,48424,"A","26.12","2026-06-27T10:48:15.370Z"
"1347_15_global_26.12",,1347,15,48.79,46248,"B","26.12","2026-06-27T10:48:15.370Z"
"1347_18_global_26.12",,1347,18,68.25,337,"A","26.12","2026-06-27T10:48:15.370Z"
"2032_3_global_26.12",,2032,3,48.59,16340,"C","26.12","2026-06-27T10:48:15.370Z"
"2032_7_global_26.12",,2032,7,47.56,841,"C","26.12","2026-06-27T10:48:15.370Z"
"2032_11_global_26.12",,2032,11,48.85,1388,"C","26.12","2026-06-27T10:48:15.370Z"
"2032_15_global_26.12",,2032,15,49.31,1965,"B","26.12","2026-06-27T10:48:15.370Z"
"2016_3_global_26.12",,2016,3,60.18,9176,"S","26.12","2026-06-27T10:48:15.370Z"
"2016_7_global_26.12",,2016,7,58.71,12083,"S","26.12","2026-06-27T10:48:15.370Z"
"2016_11_global_26.12",,2016,11,58.39,14299,"S","26.12","2026-06-27T10:48:15.370Z"
"2016_15_global_26.12",,2016,15,56.03,13208,"S","26.12","2026-06-27T10:48:15.370Z"
"2062_3_global_26.12",,2062,3,51.09,27255,"B","26.12","2026-06-27T10:48:15.370Z"
"2062_7_global_26.12",,2062,7,51.85,28488,"A","26.12","2026-06-27T10:48:15.370Z"
"2062_11_global_26.12",,2062,11,51.21,30840,"A","26.12","2026-06-27T10:48:15.370Z"
"2062_15_global_26.12",,2062,15,50.75,25870,"A","26.12","2026-06-27T10:48:15.370Z"
"2135_3_global_26.12",,2135,3,47.18,10880,"C","26.12","2026-06-27T10:48:15.370Z"
"2135_7_global_26.12",,2135,7,46.98,13119,"C","26.12","2026-06-27T10:48:15.370Z"
"2135_11_global_26.12",,2135,11,46.99,15020,"D","26.12","2026-06-27T10:48:15.370Z"
"2135_15_global_26.12",,2135,15,46.67,14224,"D","26.12","2026-06-27T10:48:15.370Z"
"2135_18_global_26.12",,2135,18,63.91,133,"C","26.12","2026-06-27T10:48:15.370Z"
"1011_3_global_26.12",,1011,3,53.06,61934,"A","26.12","2026-06-27T10:48:15.370Z"
"1011_7_global_26.12",,1011,7,53.36,68286,"A","26.12","2026-06-27T10:48:15.370Z"
"1011_11_global_26.12",,1011,11,52.69,64337,"A","26.12","2026-06-27T10:48:15.370Z"
"1011_15_global_26.12",,1011,15,51.73,59540,"A","26.12","2026-06-27T10:48:15.370Z"
"1006_3_global_26.12",,1006,3,49.25,5362,"C","26.12","2026-06-27T10:48:15.370Z"
"1006_7_global_26.12",,1006,7,49.63,7789,"B","26.12","2026-06-27T10:48:15.370Z"
"1006_11_global_26.12",,1006,11,50.45,11638,"B","26.12","2026-06-27T10:48:15.370Z"
"1006_15_global_26.12",,1006,15,50.39,16691,"B","26.12","2026-06-27T10:48:15.370Z"
"2034_3_global_26.12",,2034,3,43.2,4586,"D","26.12","2026-06-27T10:48:15.370Z"
"2034_7_global_26.12",,2034,7,42.96,4918,"D","26.12","2026-06-27T10:48:15.370Z"
"2034_11_global_26.12",,2034,11,44.38,6027,"D","26.12","2026-06-27T10:48:15.370Z"
"2034_15_global_26.12",,2034,15,46.17,5577,"D","26.12","2026-06-27T10:48:15.370Z"
"2026_3_global_26.12",,2026,3,55.45,23465,"S","26.12","2026-06-27T10:48:15.370Z"
"2026_7_global_26.12",,2026,7,54.1,25756,"A","26.12","2026-06-27T10:48:15.370Z"
"2026_11_global_26.12",,2026,11,53.95,32339,"S","26.12","2026-06-27T10:48:15.370Z"
"2026_15_global_26.12",,2026,15,52.21,30536,"A","26.12","2026-06-27T10:48:15.370Z"
"2026_18_global_26.12",,2026,18,70.49,305,"A","26.12","2026-06-27T10:48:15.370Z"
"2005_3_global_26.12",,2005,3,51.25,11999,"B","26.12","2026-06-27T10:48:15.370Z"
"2005_7_global_26.12",,2005,7,47.54,631,"C","26.12","2026-06-27T10:48:15.370Z"
"2005_11_global_26.12",,2005,11,45.82,849,"D","26.12","2026-06-27T10:48:15.370Z"
"2005_15_global_26.12",,2005,15,50.23,1071,"B","26.12","2026-06-27T10:48:15.370Z"
"2088_3_global_26.12",,2088,3,59.7,248698,"S","26.12","2026-06-27T10:48:15.370Z"
"2088_7_global_26.12",,2088,7,57.47,217651,"S","26.12","2026-06-27T10:48:15.370Z"
"2088_11_global_26.12",,2088,11,45.94,997,"D","26.12","2026-06-27T10:48:15.370Z"
"2088_15_global_26.12",,2088,15,48.26,576,"C","26.12","2026-06-27T10:48:15.370Z"
"2043_3_global_26.12",,2043,3,47.93,13825,"C","26.12","2026-06-27T10:48:15.370Z"
"2043_7_global_26.12",,2043,7,47.74,51618,"C","26.12","2026-06-27T10:48:15.370Z"
"2043_11_global_26.12",,2043,11,48.12,55112,"C","26.12","2026-06-27T10:48:15.370Z"
"2043_15_global_26.12",,2043,15,46.82,58150,"C","26.12","2026-06-27T10:48:15.370Z"
"2043_18_global_26.12",,2043,18,47.17,53,"D","26.12","2026-06-27T10:48:15.370Z"
"2107_3_global_26.12",,2107,3,49.95,14182,"B","26.12","2026-06-27T10:48:15.370Z"
"2107_7_global_26.12",,2107,7,50.88,20245,"B","26.12","2026-06-27T10:48:15.370Z"
"2107_11_global_26.12",,2107,11,51.23,33425,"A","26.12","2026-06-27T10:48:15.370Z"
"2107_15_global_26.12",,2107,15,52.05,41637,"A","26.12","2026-06-27T10:48:15.370Z"
"2107_18_global_26.12",,2107,18,59.62,52,"C","26.12","2026-06-27T10:48:15.370Z"
"1314_3_global_26.12",,1314,3,54.6,69598,"A","26.12","2026-06-27T10:48:15.370Z"
"1314_7_global_26.12",,1314,7,54.92,71737,"S","26.12","2026-06-27T10:48:15.370Z"
"1314_11_global_26.12",,1314,11,54.55,72071,"S","26.12","2026-06-27T10:48:15.370Z"
"1314_15_global_26.12",,1314,15,53.77,72192,"S","26.12","2026-06-27T10:48:15.370Z"
"1314_18_global_26.12",,1314,18,63.46,52,"C","26.12","2026-06-27T10:48:15.370Z"
"2138_3_global_26.12",,2138,3,46.14,20962,"D","26.12","2026-06-27T10:48:15.370Z"
"2138_7_global_26.12",,2138,7,46.17,30714,"D","26.12","2026-06-27T10:48:15.370Z"
"2138_11_global_26.12",,2138,11,47.2,39885,"C","26.12","2026-06-27T10:48:15.370Z"
"2138_15_global_26.12",,2138,15,46.31,41580,"D","26.12","2026-06-27T10:48:15.370Z"
"2138_18_global_26.12",,2138,18,69.17,412,"A","26.12","2026-06-27T10:48:15.370Z"
"1421_3_global_26.12",,1421,3,51.76,28940,"A","26.12","2026-06-27T10:48:15.370Z"
"1421_7_global_26.12",,1421,7,46.18,2185,"D","26.12","2026-06-27T10:48:15.370Z"
"1421_11_global_26.12",,1421,11,46.68,2802,"D","26.12","2026-06-27T10:48:15.370Z"
"1421_15_global_26.12",,1421,15,47.55,3573,"C","26.12","2026-06-27T10:48:15.370Z"
"1074_3_global_26.12",,1074,3,47.34,22746,"C","26.12","2026-06-27T10:48:15.370Z"
"1074_7_global_26.12",,1074,7,47.13,30602,"C","26.12","2026-06-27T10:48:15.370Z"
"1074_11_global_26.12",,1074,11,48.7,36421,"B","26.12","2026-06-27T10:48:15.370Z"
"1074_15_global_26.12",,1074,15,48.82,32025,"B","26.12","2026-06-27T10:48:15.370Z"
"1358_7_global_26.12",,1358,7,49.07,9045,"B","26.12","2026-06-27T10:48:15.370Z"
"1358_11_global_26.12",,1358,11,49.53,13364,"B","26.12","2026-06-27T10:48:15.370Z"
"1358_15_global_26.12",,1358,15,52.04,98,"A","26.12","2026-06-27T10:48:15.370Z"
"2072_3_global_26.12",,2072,3,46.17,29364,"D","26.12","2026-06-27T10:48:15.370Z"
"2072_7_global_26.12",,2072,7,44.79,3273,"D","26.12","2026-06-27T10:48:15.370Z"
"2072_11_global_26.12",,2072,11,48.54,103,"C","26.12","2026-06-27T10:48:15.370Z"
"1027_3_global_26.12",,1027,3,44.17,2194,"D","26.12","2026-06-27T10:48:15.370Z"
"1027_7_global_26.12",,1027,7,43.78,2876,"D","26.12","2026-06-27T10:48:15.370Z"
"1027_11_global_26.12",,1027,11,44.78,4460,"D","26.12","2026-06-27T10:48:15.370Z"
"1027_15_global_26.12",,1027,15,45.86,4922,"D","26.12","2026-06-27T10:48:15.370Z"
"1027_18_global_26.12",,1027,18,70.64,109,"A","26.12","2026-06-27T10:48:15.370Z"
"2082_3_global_26.12",,2082,3,50.28,13221,"B","26.12","2026-06-27T10:48:15.370Z"
"2082_7_global_26.12",,2082,7,49.01,16411,"B","26.12","2026-06-27T10:48:15.370Z"
"2082_11_global_26.12",,2082,11,49.16,19266,"B","26.12","2026-06-27T10:48:15.370Z"
"2082_15_global_26.12",,2082,15,48.54,17988,"C","26.12","2026-06-27T10:48:15.370Z"
"2082_18_global_26.12",,2082,18,56.52,92,"D","26.12","2026-06-27T10:48:15.370Z"
"1118_3_global_26.12",,1118,3,51.21,29598,"B","26.12","2026-06-27T10:48:15.370Z"
"1118_7_global_26.12",,1118,7,50.12,37618,"B","26.12","2026-06-27T10:48:15.370Z"
"1118_11_global_26.12",,1118,11,50.26,39328,"B","26.12","2026-06-27T10:48:15.370Z"
"1118_15_global_26.12",,1118,15,49.5,34674,"B","26.12","2026-06-27T10:48:15.370Z"
"1001_3_global_26.12",,1001,3,49.37,21469,"C","26.12","2026-06-27T10:48:15.370Z"
"1001_7_global_26.12",,1001,7,43.24,370,"D","26.12","2026-06-27T10:48:15.370Z"
"1001_11_global_26.12",,1001,11,46.38,636,"D","26.12","2026-06-27T10:48:15.370Z"
"1001_15_global_26.12",,1001,15,50.43,823,"B","26.12","2026-06-27T10:48:15.370Z"
"1386_3_global_26.12",,1386,3,54.16,60446,"A","26.12","2026-06-27T10:48:15.370Z"
"1386_7_global_26.12",,1386,7,52.73,58556,"A","26.12","2026-06-27T10:48:15.370Z"
"1386_11_global_26.12",,1386,11,54.1,90663,"S","26.12","2026-06-27T10:48:15.370Z"
"1386_15_global_26.12",,1386,15,51.07,71354,"A","26.12","2026-06-27T10:48:15.370Z"
"1386_18_global_26.12",,1386,18,56.79,81,"D","26.12","2026-06-27T10:48:15.370Z"
"2055_3_global_26.12",,2055,3,61.75,58783,"S","26.12","2026-06-27T10:48:15.370Z"
"2055_7_global_26.12",,2055,7,60.15,60794,"S","26.12","2026-06-27T10:48:15.370Z"
"2055_11_global_26.12",,2055,11,51.26,119,"B","26.12","2026-06-27T10:48:15.370Z"
"2055_15_global_26.12",,2055,15,59.21,76,"S","26.12","2026-06-27T10:48:15.370Z"
"12317_3_global_26.12",,12317,3,52.72,22065,"A","26.12","2026-06-27T10:48:15.370Z"
"12317_7_global_26.12",,12317,7,52.28,69006,"A","26.12","2026-06-27T10:48:15.370Z"
"12317_11_global_26.12",,12317,11,51.89,62628,"A","26.12","2026-06-27T10:48:15.370Z"
"12317_15_global_26.12",,12317,15,50.42,55181,"A","26.12","2026-06-27T10:48:15.370Z"
"12317_18_global_26.12",,12317,18,71.93,57,"A","26.12","2026-06-27T10:48:15.370Z"
"2042_3_global_26.12",,2042,3,63.38,12188,"S","26.12","2026-06-27T10:48:15.370Z"
"2042_7_global_26.12",,2042,7,54.11,13767,"A","26.12","2026-06-27T10:48:15.370Z"
"2042_11_global_26.12",,2042,11,50.86,17150,"B","26.12","2026-06-27T10:48:15.370Z"
"2042_15_global_26.12",,2042,15,49.06,14412,"B","26.12","2026-06-27T10:48:15.370Z"
"2042_18_global_26.12",,2042,18,71.11,135,"A","26.12","2026-06-27T10:48:15.370Z"
"2064_3_global_26.12",,2064,3,59.06,1805,"S","26.12","2026-06-27T10:48:15.370Z"
"2064_7_global_26.12",,2064,7,56.13,18532,"S","26.12","2026-06-27T10:48:15.370Z"
"2134_3_global_26.12",,2134,3,57.03,42300,"S","26.12","2026-06-27T10:48:15.370Z"
"2134_7_global_26.12",,2134,7,55.85,142652,"S","26.12","2026-06-27T10:48:15.370Z"
"2134_11_global_26.12",,2134,11,55.11,134793,"S","26.12","2026-06-27T10:48:15.370Z"
"2134_15_global_26.12",,2134,15,52.88,124856,"S","26.12","2026-06-27T10:48:15.370Z"
"2134_18_global_26.12",,2134,18,66.93,127,"B","26.12","2026-06-27T10:48:15.370Z"
"2080_3_global_26.12",,2080,3,49.6,4657,"C","26.12","2026-06-27T10:48:15.370Z"
"2080_7_global_26.12",,2080,7,50.07,15642,"B","26.12","2026-06-27T10:48:15.370Z"
"2080_11_global_26.12",,2080,11,49.57,20789,"B","26.12","2026-06-27T10:48:15.370Z"
"2080_15_global_26.12",,2080,15,50.02,25772,"B","26.12","2026-06-27T10:48:15.370Z"
"2099_3_global_26.12",,2099,3,38.98,413,"D","26.12","2026-06-27T10:48:15.370Z"
"2099_7_global_26.12",,2099,7,40.43,470,"D","26.12","2026-06-27T10:48:15.370Z"
"2099_11_global_26.12",,2099,11,43.66,662,"D","26.12","2026-06-27T10:48:15.370Z"
"2099_15_global_26.12",,2099,15,45.51,690,"D","26.12","2026-06-27T10:48:15.370Z"
"1392_3_global_26.12",,1392,3,54.33,34748,"A","26.12","2026-06-27T10:48:15.370Z"
"1392_7_global_26.12",,1392,7,53.79,115741,"S","26.12","2026-06-27T10:48:15.370Z"
"1392_11_global_26.12",,1392,11,53.57,109260,"S","26.12","2026-06-27T10:48:15.370Z"
"1392_15_global_26.12",,1392,15,51.95,102500,"S","26.12","2026-06-27T10:48:15.370Z"
"1392_18_global_26.12",,1392,18,62.6,131,"C","26.12","2026-06-27T10:48:15.370Z"
"1325_3_global_26.12",,1325,3,47.8,15350,"C","26.12","2026-06-27T10:48:15.370Z"
"1325_7_global_26.12",,1325,7,47.63,19969,"C","26.12","2026-06-27T10:48:15.370Z"
"1325_11_global_26.12",,1325,11,48.53,24828,"C","26.12","2026-06-27T10:48:15.370Z"
"1325_15_global_26.12",,1325,15,48.26,23318,"C","26.12","2026-06-27T10:48:15.370Z"
"1325_18_global_26.12",,1325,18,67.32,205,"B","26.12","2026-06-27T10:48:15.370Z"