_id,riot_id,name_zh,icon_url,description,rarity,win_rate,pick_rate,sample_size,tier,hex_score,hex_tier,hex_label,hex_tier_color,stage_adjusted_score,stage_weighted_win_rate,stage_adjustment_weight,stage_performance_factor,coverage_hero_count,avg_delta_win_rate,weighted_avg_delta_win_rate,hex_score_eligible_hero_count,hex_score_excluded_hero_count,wins,patch_version,updated_at
1133,1133,魔法飞弹,/assets/augments/icons/16.13/magicmissile_small.png,造成技能伤害会对其发射3个飞弹，每个造成基于飞行距离的百分比最大生命值的真实伤害。,gold,61.621582083200344,1.892779212938442,751920,4,52.2,npc,NPC,#5a7a8a,6.7833,52.9425,0.35,1.0177,164,-3.0493,0.007899999999999999,112,52,463345,,2026-06-29T10:17:34.665Z
2132,2132,术士果汁盒,/assets/augments/icons/16.13/warlockjuicebox_small.png,获得?全能吸血。,gold,62.00714628456577,1.6682445280840914,662722,3,63.1,elite,人上人,#b08a2d,7.8041,54.662299999999995,0.35,1.028,172,-0.8286999999999999,1.5607,152,20,410935,,2026-06-29T10:17:34.665Z
1336,1336,升级：无尽之刃,/assets/augments/icons/16.13/upgradeie_small.png,获得25% %i:scaleCrit%暴击几率和500金币。装备无尽之刃后，可使你的%i:scaleCrit%暴击几率在每次攻击都会提供随机的%i:scaleCritMult%暴击伤害。,gold,63.603049115339736,1.6547746621828872,657371,3,70.4,elite,人上人,#b08a2d,10.8762,56.925599999999996,0.35,1.0416,101,-2.7235,2.6094,48,53,418108,,2026-06-29T10:17:34.665Z
1390,1390,超凡邪恶,/assets/augments/icons/16.13/aram_phenomenalevil_small.png,在你用技能对敌人造成伤害时永久获得1法术强度。如果是作为你的第二个强化符文，则自带40法术强度。,gold,63.33033593876092,1.637642180903949,650565,4,57.5,npc,NPC,#5a7a8a,6.6351,58.699,0.35,1.0522,112,-0.2431,2.3397,74,38,412005,,2026-06-29T10:17:34.665Z
1353,1353,坦克引擎,/assets/augments/icons/16.13/tank_engine_small.png,参与击杀时，获得一个层数，使你的体型增大并提升最大生命值。阵亡时损失层数。,gold,64.25990076133962,1.5797778924586146,627578,4,62.4,npc,NPC,#5a7a8a,10.0441,56.9104,0.35,1.0415,171,0.23210000000000003,1.8381999999999998,154,17,403281,,2026-06-29T10:17:34.665Z
1097,1097,巫师式思考,/assets/augments/icons/16.13/witchfulthinking_small.png,获得%i:scaleAP%?法术强度。,silver,60.124056512802085,1.5271193006463748,606659,5,45.4,trap,拉完了,#7a3aa8,4.494,55.008199999999995,0.35,1.03,110,-1.576,0.1482,70,40,364748,,2026-06-29T10:17:34.665Z
1030,1030,尤里卡,/assets/augments/icons/16.13/eureka_small.png,获得相当于30%法术强度的技能急速。,prismatic,61.03912035156761,1.518515301085486,603241,3,64.1,elite,人上人,#b08a2d,8.0209,57.0283,0.35,1.0422,99,-0.0704,2.6908000000000003,68,31,368213,,2026-06-29T10:17:34.665Z
1071,1071,更万用的瞄准镜,/assets/augments/icons/16.13/scopierweapons_small.png,获得?攻击距离。,gold,60.34904699498382,1.4482761554601251,575338,4,53,npc,NPC,#5a7a8a,7.0629,54.1116,0.35,1.0247,168,-3.537,0.1429,145,23,347211,,2026-06-29T10:17:34.665Z
1181,1181,重量级打击手,/assets/augments/icons/16.13/heavyhitter_small.png,你的攻击造成相当于你3.5%最大生命值的额外物理伤害。,silver,63.90779028568866,1.4031844515004401,557425,4,59.7,npc,NPC,#5a7a8a,8.5051,59.4984,0.35,1.057,143,-1.328,2.258,126,17,356238,,2026-06-29T10:17:34.665Z
1138,1138,渴血,/assets/augments/icons/16.13/goredrink_small.png,获得15%全能吸血。,silver,57.24315776478819,1.284616403718992,510323,4,54.3,npc,NPC,#5a7a8a,4.6946,53.2442,0.35,1.0195,173,-0.44730000000000003,0.5819000000000001,147,26,292125,,2026-06-29T10:17:34.665Z
1211,1211,杀戮时间到了,/assets/augments/icons/16.13/itskillingtime_small.png,在施放你的终极技能后，标记所有敌人并存储你对他们造成的伤害。当它结束时，引爆该伤害。,gold,52.273275831835974,1.220219821868009,484741,4,49.3,npc,NPC,#5a7a8a,2.9217,48.2136,0.35,0.9893,170,-4.0588,-1.3903,111,59,253390,,2026-06-29T10:17:34.665Z
1356,1356,暴击飞弹,/assets/augments/icons/16.13/criticalmissile_small.png,当你暴击时，发射飞弹造成魔法伤害。获得%i:scaleCrit% 25%暴击几率。,gold,62.42434519734624,1.202402645480656,477663,3,72,elite,人上人,#b08a2d,11.8179,57.432,0.35,1.0446,32,2.7531,3.4325,27,5,298178,,2026-06-29T10:17:34.665Z
1041,1041,歌利亚巨人,/assets/augments/icons/16.13/goliath_small.png,体型变大，获得35%生命值和15%适应之力。,prismatic,60.541586073500966,1.1335404418564088,450307,4,61.9,npc,NPC,#5a7a8a,7.5453,57.41159999999999,0.35,1.0445,173,-0.1625,2.2117999999999998,160,13,272623,,2026-06-29T10:17:34.665Z
1152,1152,钢化你心,/assets/augments/icons/16.13/quest_steelyourheart_small.png,任务：持有【心之钢】且层数在300层或以上。奖励：将你的【心之钢】层数乘以3。,gold,62.757601351351354,1.1325662616837746,449920,3,66.7,elite,人上人,#b08a2d,9.7257,59.477999999999994,0.35,1.0569,121,-2.5100000000000002,3.1825,103,18,282359,,2026-06-29T10:17:34.665Z
1007,1007,大力,/assets/augments/icons/16.13/bluntforce_small.png,获得%i:scaleAD%20%攻击力。,silver,57.533357567701984,1.1287375070517933,448399,4,62,npc,NPC,#5a7a8a,5.7038,53.682300000000005,0.35,1.0221,101,-0.1409,1.5298,71,30,257979,,2026-06-29T10:17:34.665Z
2116,2116,威能之追求,/assets/augments/icons/16.13/marksmage_small.png,任务：用【?】技能命中敌人?次。奖励：永久提升【?】技能伤害。,gold,55.32771550265843,1.1234965687587064,446317,5,43.1,trap,拉完了,#7a3aa8,1.7698,54.998999999999995,0.35,1.03,145,-3.1353,0.4719,24,121,246937,,2026-06-29T10:17:34.665Z
1113,1113,老练狙神,/assets/augments/icons/16.13/skilledsniper_small.png,用一个非终极技能狙击一个敌人时，返还该技能80%冷却时间(周期性技能返还65%)。,gold,53.552461540190365,1.1200428860794964,444945,4,54.6,npc,NPC,#5a7a8a,6.1578,49.2215,0.35,0.9953,71,-4.356800000000001,-1.1315,32,39,238279,,2026-06-29T10:17:34.665Z
2006,2006,飞身踢,/assets/augments/icons/16.13/dropkick_small.png,你的攻击会处决低生命值的敌方英雄，从而击退并引发一次爆炸，同时治疗你自身。,prismatic,60.07920486310593,1.1085440358764127,440377,4,53.7,npc,NPC,#5a7a8a,5.6803,56.8465,0.35,1.0411,173,-2.6372,0.6635,133,40,264575,,2026-06-29T10:17:34.665Z
1045,1045,炼狱导管,/assets/augments/icons/16.13/infernalconduit_small.png,你的技能会施加一层可叠加的灼烧，持续造成魔法伤害。你的灼烧效果会降低你各基础技能的冷却时间。,prismatic,58.8526944366178,1.107826616369434,440092,3,70.3,elite,人上人,#b08a2d,10.4651,56.09309999999999,0.35,1.0366,155,-2.8716,2.7251000000000003,126,29,259006,,2026-06-29T10:17:34.665Z
1029,1029,虚幻武器,/assets/augments/icons/16.13/etherealweapon_small.png,你的技能可施加%i:OnHit%攻击特效。每个目标有1秒冷却时间。,gold,54.439325244589654,1.0971030826861727,435832,3,70.3,elite,人上人,#b08a2d,7.6483,50.435700000000004,0.35,1.0026,172,-2.5565,1.9144,110,62,237264,,2026-06-29T10:17:34.665Z
1195,1195,巨人杀手,/assets/augments/icons/16.13/giantslayer_small.png,体型变小，获得移动速度，并基于敌方英雄体型大于你的程度获得额外伤害。,prismatic,58.271660417456594,1.0755100141568266,427254,4,61.4,npc,NPC,#5a7a8a,4.9934,55.56759999999999,0.35,1.0334,164,0.9582,1.7952,163,1,248968,,2026-06-29T10:17:34.665Z
1115,1115,最万用的瞄准镜,/assets/augments/icons/16.13/scopiestweapons_small.png,获得?攻击距离。,prismatic,57.42442951636296,1.0743344530699526,426787,4,53,npc,NPC,#5a7a8a,5.6993,54.5983,0.35,1.0276,140,-3.3649999999999998,0.0291,118,22,245080,,2026-06-29T10:17:34.665Z
2077,2077,贪欲束缚,/assets/augments/icons/16.13/upgradehubris_small.png,用你的【?】技能定身或缚地敌方英雄时造成额外伤害并对你进行治疗。,gold,54.91463351487735,1.069518931958197,424874,5,41.2,trap,拉完了,#7a3aa8,3.0349,53.596900000000005,0.35,1.0216,71,-1.5688,0.1111,25,46,233318,,2026-06-29T10:17:34.665Z
1375,1375,吞噬灵魂,/assets/augments/icons/16.13/souleater_small.png,定身一个敌方英雄时会提供20最大生命值。,gold,53.51623471499267,1.0595631630104745,420919,4,52.4,npc,NPC,#5a7a8a,3.7595,49.612899999999996,0.35,0.9977,115,-2.9963,-1.5169,75,40,225260,,2026-06-29T10:17:34.665Z
1022,1022,灵巧,/assets/augments/icons/16.13/deft_small.png,获得%i:scaleAS% 60%攻击速度。,silver,59.13854678154008,1.0340179940391752,410771,4,54.1,npc,NPC,#5a7a8a,4.9652,55.635999999999996,0.35,1.0338,162,-2.5189,0.5063,143,19,242924,,2026-06-29T10:17:34.665Z
2100,2100,急速之追求,/assets/augments/icons/16.13/genericabilityaugmenticon_gold.png,任务：用【?】技能命中敌方英雄?次奖励：【?】技能获得技能急速，基于任务等级，至多至?。,gold,54.017673228106524,1.0326435692994897,410225,5,45.8,trap,拉完了,#7a3aa8,0.9583,53.7265,0.35,1.0224,161,-3.024,-0.1784,45,116,221594,,2026-06-29T10:17:34.665Z
1225,1225,双刀流,/assets/augments/icons/16.13/dualwield_small.png,在攻击时，发射一个箭矢，它施加效能削减的%i:OnHit%攻击特效。获得10%总攻击速度。,prismatic,60.360344840315705,1.0228463878217309,406333,2,75.7,top,顶级,#e8751a,9.6896,57.6263,0.35,1.0458,99,-1.0555999999999999,3.3320000000000003,70,29,245264,,2026-06-29T10:17:34.665Z
2010,2010,双发快射,/assets/augments/icons/16.13/doubletap_small.png,你的暴击施加一次额外的%i:OnHit%附带攻击特效。获得%i:scaleCrit% ?暴击几率。,gold,58.5167310959545,1.0223353837518478,406130,3,70.5,elite,人上人,#b08a2d,10.5242,54.545100000000005,0.35,1.0273,77,-0.9419000000000001,2.4058,56,21,237654,,2026-06-29T10:17:34.665Z
2102,2102,高压锅,/assets/augments/icons/16.13/questpressurecooker_small.png,每一秒，对附近的敌方英雄们施加一层可叠加的灼烧，这个效果受益于你的最大生命值。任务：对敌方英雄造成灼烧伤害奖励：提升【高压锅】的规模和伤害，基于任务等级。,gold,54.82581852198316,1.009107174947731,400875,2,79.4,top,顶级,#e8751a,10.9902,54.825100000000006,0.35,1.029,134,-1.1488999999999998,4.3275,128,6,219783,,2026-06-29T10:17:34.665Z
2087,2087,大法师,/assets/augments/icons/16.13/eureka_small.png,施放一个技能会返还另一个随机技能的花费，数额相当于30%原技能冷却时间。,prismatic,52.46421385312077,1.0083494792579042,400574,4,51.2,npc,NPC,#5a7a8a,2.3515,49.9783,0.35,0.9999,157,-3.5082000000000004,-0.8658000000000001,102,55,210158,,2026-06-29T10:17:34.665Z
1013,1013,星界躯体,/assets/augments/icons/16.13/celestialbody_small.png,获得1500生命值，但你造成的伤害降低10%。,gold,56.92556496146535,1.0024062250264067,398213,4,57.6,npc,NPC,#5a7a8a,5.6593,53.05760000000001,0.35,1.0183,166,-2.2293,0.16019999999999998,156,10,226685,,2026-06-29T10:17:34.665Z
1320,1320,升级：收集者,/assets/augments/icons/16.13/upgradecollector_small.png,使用【收集者】的被动处决敌人时的处决阈值提升，并且提供额外金币。获得250金币。,silver,54.22711236339251,0.9496796671556111,377267,4,50.2,npc,NPC,#5a7a8a,3.6329,52.1419,0.35,1.0129,100,-3.8604,-0.5708000000000001,54,46,204581,,2026-06-29T10:17:34.665Z
1388,1388,无限循环往复,/assets/augments/icons/16.13/infiniterecursion_small.png,获得60技能急速，外加每次参与击杀3技能急速。,prismatic,60.49405575554261,0.9244541903856673,367246,3,64.7,elite,人上人,#b08a2d,4.5295,58.8025,0.35,1.0528,163,0.6868,3.4741,137,26,222162,,2026-06-29T10:17:34.665Z
1328,1328,暴击律动,/assets/augments/icons/16.13/criticalrhythm_small.png,你的普攻在暴击时获得可叠加的攻击速度。获得%i:scaleCrit% 25%暴击几率。,gold,56.364633761674234,0.9177557577257711,364585,4,52.4,npc,NPC,#5a7a8a,6.8139,52.8026,0.35,1.0168,32,-1.6311,-0.29450000000000004,20,12,205497,,2026-06-29T10:17:34.665Z
1088,1088,终极刷新,/assets/augments/icons/16.13/ultimaterevolution_small.png,在施放终极技能后刷新你的终极技能(75秒冷却时间或阵亡时重置)。,prismatic,50.99203775511613,0.912091919512781,362335,4,51.2,npc,NPC,#5a7a8a,1.8511,48.6937,0.35,0.9922,160,-4.1705,-1.2155,69,91,184762,,2026-06-29T10:17:34.665Z
1344,1344,最终形态,/assets/augments/icons/16.13/finalform_small.png,在施放你的终极技能时，获得持续10秒的最大生命值护盾、全能吸血和移动速度。,prismatic,54.15693443011408,0.8923490381330116,354492,3,64.9,elite,人上人,#b08a2d,6.2416,52.005,0.35,1.012,96,0.44029999999999997,1.973,79,17,191982,,2026-06-29T10:17:34.665Z
1136,1136,扇巴掌,/assets/augments/icons/16.13/slaparound_small.png,每当你定身或缚地一个敌人时，获得10适应之力。阵亡时损失50%。,silver,53.406139822856645,0.8781969943848205,348870,4,50.6,npc,NPC,#5a7a8a,2.3626,51.041199999999996,0.35,1.0062,115,-1.6055,-0.4646,96,19,186318,,2026-06-29T10:17:34.665Z
1077,1077,灵魂虹吸,/assets/augments/icons/16.13/soulsiphon_small.png,暴击造成伤害的12%会等额治疗你自身。获得%i:scaleCrit% 25%暴击几率。,gold,58.051831628702985,0.8648655778621558,343574,3,65.5,elite,人上人,#b08a2d,7.6611,54.6184,0.35,1.0277,76,-0.7068,1.0661,63,13,199451,,2026-06-29T10:17:34.665Z
1084,1084,穿针引线,/assets/augments/icons/16.13/threadtheneedle_small.png,获得18%%i:scaleAPen%护甲穿透和%i:scaleMPen%法术穿透。,gold,50.29621113051721,0.8604427495331677,341817,5,44.7,trap,拉完了,#7a3aa8,0.8588,47.2744,0.35,0.9836,170,-3.1346,-1.8848,147,23,171921,,2026-06-29T10:17:34.665Z
1238,1238,质变：棱彩阶,/assets/augments/icons/16.13/transmuteprismatic_small.png,获得1个随机%i:Augment%棱彩阶强化符文。,gold,56.415274208637776,0.8502604270569255,337772,4,54,npc,NPC,#5a7a8a,0.8711,52.364200000000004,0.35,1.0142,173,0.0621,0.16620000000000001,156,17,190555,,2026-06-29T10:17:34.665Z
2103,2103,狙神飞星,/assets/augments/icons/16.13/questbangbang_small.png,任务：用技能狙击?个敌方英雄奖励：一颗流星会飞向被狙击的敌方英雄，在其周围的一个区域内造成魔法伤害,gold,51.92042878630595,0.8317560382997299,330421,4,55.9,npc,NPC,#5a7a8a,4.3283,50.1219,0.35,1.0007,97,-4.7218,-0.8026,42,55,171556,,2026-06-29T10:17:34.665Z
1180,1180,超强大脑,/assets/augments/icons/16.13/bigbrain_small.png,每拥有%i:scaleAP%1法术强度就会获得3护盾值。阵亡时或耗尽后70秒重置。,gold,55.54527376294204,0.8215309223792118,326359,3,68.6,elite,人上人,#b08a2d,5.6983,52.539100000000005,0.35,1.0152,98,-0.6233,1.5529,82,16,181277,,2026-06-29T10:17:34.665Z
1326,1326,夜狩,/assets/augments/icons/16.13/nightstalking_small.png,在对敌人造成伤害的3秒内参与击杀该敌人会使你进入隐身状态。,gold,48.24766426994212,0.8185278294956131,325166,5,47.5,trap,拉完了,#7a3aa8,2.874,45.4968,0.35,0.973,164,-2.8543,-1.6569,151,13,156885,,2026-06-29T10:17:34.665Z
1415,1415,双生火焰,/assets/augments/icons/16.13/twinfire_small.png,造成技能伤害时，发射1+?个飞弹，每个造成?魔法伤害。此外，获得%i:scaleCrit%25%暴击几率。,silver,55.2138831572788,0.8173799582844471,324710,4,49.1,npc,NPC,#5a7a8a,3.5672,52.61169999999999,0.35,1.0157,118,-1.1574,0.08099999999999999,109,9,179285,,2026-06-29T10:17:34.665Z
1098,1098,急急小子,/assets/augments/icons/16.13/withhaste_small.png,获得移动速度，相当于你的70%技能急速。,gold,54.14188184925638,0.8078621928251958,320929,4,62.8,npc,NPC,#5a7a8a,3.0304,51.5682,0.35,1.0094,170,-1.9159,0.49670000000000003,155,15,173757,,2026-06-29T10:17:34.665Z
2096,2096,小小的额外帮助,/assets/augments/icons/16.13/genericabilityaugmenticon_gold.png,在你的【?】技能持续期间获得?攻击距离和?攻击速度。,gold,55.28869916165328,0.7996055753413703,317649,4,54.9,npc,NPC,#5a7a8a,7.5598,54.7188,0.35,1.0283,34,-1.9586,0.6726,12,22,175624,,2026-06-29T10:17:34.665Z
1087,1087,台风,/assets/augments/icons/16.13/typhoon_small.png,你的攻击会对一个额外目标发射一个飞弹，从而造成削减过的伤害并施加%i:OnHit%攻击特效。,silver,54.032123514463926,0.7845599037862406,311672,4,54.4,npc,NPC,#5a7a8a,3.3812,51.6918,0.35,1.0102,101,-2.6448,-0.7153999999999999,68,33,168403,,2026-06-29T10:17:34.665Z
1044,1044,冰寒,/assets/augments/icons/16.13/icecold_small.png,你的减速效果可使移动速度降低额外的75。,silver,53.66158283385588,0.782007400698253,310658,4,57.5,npc,NPC,#5a7a8a,5.2402,51.6144,0.35,1.0097,122,-3.1458,-0.3741,89,33,166704,,2026-06-29T10:17:34.665Z
1020,1020,黎明使者的坚决,/assets/augments/icons/16.13/dawnbringersresolve_small.png,在跌到50%生命值以下时，在3秒里持续回复共30%最大生命值。阵亡时或每45秒重置。,gold,54.32423901678799,0.7656149942791458,304146,4,57.7,npc,NPC,#5a7a8a,3.3342,51.593,0.35,1.0096,172,-0.35860000000000003,0.30219999999999997,167,5,165225,,2026-06-29T10:17:34.665Z
1318,1318,升级：中娅,/assets/augments/icons/16.13/upgradezh_small.png,【中娅沙漏】的冷却时间降低至45秒。你现在可以在【中娅沙漏】、【探索者的护臂】或【沃格勒特的巫师帽】凝滞状态持续期间移动并获得移动速度。获得250金币。,silver,53.77141202561218,0.7650410586735628,303918,4,49.5,npc,NPC,#5a7a8a,2.9471,52.3129,0.35,1.0139,86,-1.1581,-0.1096,66,20,163421,,2026-06-29T10:17:34.665Z
1349,1349,终极唤醒,/assets/augments/icons/16.13/zerohour_small.png,获得30终极技能急速。在施放你的终极技能后，刷新你的所有基础技能并获得持续15秒的300基础技能急速。(20秒冷却时间),prismatic,50.35870056647429,0.7572123756324965,300808,4,52.4,npc,NPC,#5a7a8a,0.505,48.574,0.35,0.9914,168,-3.0362,-1.0183,111,57,151483,,2026-06-29T10:17:34.665Z
1170,1170,万用瞄准镜,/assets/augments/icons/16.13/scopedweapons_small.png,获得?攻击距离。,silver,53.84573490366942,0.7395210623165436,293780,5,46.2,trap,拉完了,#7a3aa8,0.6934,51.588,0.35,1.0095,165,-3.9010999999999996,-1.9251,143,22,158188,,2026-06-29T10:17:34.665Z
1156,1156,沃格勒特的巫师帽,/assets/augments/icons/16.13/quest_woogletswitchcap_small.png,立刻获得一个无用大棒。任务：持有灭世者的死亡之帽和中娅沙漏。奖励：获得沃格勒特的巫师帽。,prismatic,57.704585174409694,0.7388992987438286,293533,4,61.5,npc,NPC,#5a7a8a,4.6772,56.327000000000005,0.35,1.038,94,0.6368,2.6780999999999997,68,26,169382,,2026-06-29T10:17:34.665Z
1081,1081,踢踏舞,/assets/augments/icons/16.13/tapdancer_small.png,你的攻击会为你提供移动速度。基于你的移动速度获得攻击速度。,prismatic,56.19391006362159,0.7323695225996081,290939,3,63.5,elite,人上人,#b08a2d,6.0674,54.346700000000006,0.35,1.0261,114,-2.3825,0.9844,92,22,163490,,2026-06-29T10:17:34.665Z
1048,1048,珠光护手,/assets/augments/icons/16.13/jeweledgauntlet_small.png,你的技能可以造成暴击。获得%i:scaleCrit% ?暴击几率。,prismatic,53.84973518302652,0.7191035548740714,285669,3,65.9,elite,人上人,#b08a2d,8.252,52.1658,0.35,1.013,73,-1.5844,1.8758000000000001,62,11,153832,,2026-06-29T10:17:34.665Z
1194,1194,精怪魔法,/assets/augments/icons/16.13/feymagic_small.png,你的终极技能的伤害会对敌人造成持续若干秒的变形效果。,prismatic,49.568444299627096,0.6952927790266611,276210,4,55.7,npc,NPC,#5a7a8a,2.169,47.970600000000005,0.35,0.9878,132,-4.8969,-1.02,75,57,136913,,2026-06-29T10:17:34.665Z
1322,1322,罪恶快感,/assets/augments/icons/16.13/getexcited_small.png,参与击杀后，在4秒内提升移动速度和攻击速度。,gold,50.87078212066838,0.6916251291260715,274753,4,52.8,npc,NPC,#5a7a8a,2.2138,48.626599999999996,0.35,0.9918,163,-1.4283000000000001,-0.9636,150,13,139769,,2026-06-29T10:17:34.665Z
1220,1220,连拨击锤,/assets/augments/icons/16.13/fanthehammer_small.png,对敌方英雄的攻击会发射5个额外飞弹，造成随距离提升的额外伤害。每个方向的冷却时间独立计算。,prismatic,54.650318060293166,0.6826183677367034,271175,4,55.2,npc,NPC,#5a7a8a,4.0513,52.872,0.35,1.0172,100,-2.1874000000000002,0.3264,80,20,148198,,2026-06-29T10:17:34.665Z
1112,1112,终极不可阻挡,/assets/augments/icons/16.13/ultimateunstoppable_small.png,在你使用你的终极技能后，你获得持续3秒的控制免疫。 (8秒冷却时间)。,silver,49.18104013334082,0.6720710423534018,266985,5,46.8,trap,拉完了,#7a3aa8,-1.0124,47.519,0.35,0.9851,167,-3.7591,-2.1051,114,53,131306,,2026-06-29T10:17:34.665Z
1129,1129,神射法师,/assets/augments/icons/16.13/marksmage_small.png,你的攻击造成相当于你75%法术强度的额外物理伤害。,gold,53.3855096205509,0.6699666117995975,266149,3,65,elite,人上人,#b08a2d,7.7325,51.042,0.35,1.0063,113,-2.4036,1.0073,89,24,142085,,2026-06-29T10:17:34.665Z
1058,1058,秘术冲拳,/assets/augments/icons/16.13/mysticpunch_small.png,%i:OnHit%攻击特效使你的各个技能的冷却时间缩减1.25秒%i:scaleCooldown%。,prismatic,52.950233857647845,0.6523029883593524,259132,3,71.5,elite,人上人,#b08a2d,7.2037,51.454100000000004,0.35,1.0087,160,-3.1744000000000003,1.7500000000000002,124,36,137211,,2026-06-29T10:17:34.665Z
1056,1056,由心及物,/assets/augments/icons/16.13/mindtomatter_small.png,使你的最大生命值提升，数额相当于你一半的法力值。,silver,53.90365480774088,0.6479103671675002,257387,4,61.6,npc,NPC,#5a7a8a,4.7466,52.188900000000004,0.35,1.0131,119,-0.424,1.0409,112,7,138741,,2026-06-29T10:17:34.665Z
1018,1018,巨像的勇气,/assets/augments/icons/16.13/courageofthecolossus_small.png,定身或缚地一个敌方英雄后获得?护盾值。,prismatic,51.03240982749608,0.6163867023047115,244864,4,55.8,npc,NPC,#5a7a8a,2.3641,49.608999999999995,0.35,0.9977,115,-3.6129000000000002,-0.6536,86,29,124960,,2026-06-29T10:17:34.665Z
1073,1073,暗影疾奔,/assets/augments/icons/16.13/shadowrunner_small.png,在使用一个冲刺、闪烁或传送类技能或离开潜行状态之后，获得移动速度。,silver,51.054521406254636,0.593794280988451,235889,3,66.6,elite,人上人,#b08a2d,6.3589,49.524499999999996,0.35,0.9971,95,0.41859999999999997,1.5813000000000001,94,1,120432,,2026-06-29T10:17:34.665Z
1019,1019,全凭身法,/assets/augments/icons/16.13/dashing_small.png,你的冲刺、跳跃、闪烁或传送类技能获得175技能急速。,prismatic,48.77045705079284,0.5937212804070392,235860,4,62.7,npc,NPC,#5a7a8a,5.7768,47.4743,0.35,0.9848,92,-3.2615,0.0733,66,26,115030,,2026-06-29T10:17:34.665Z
2018,2018,纯粹主义者 - 术师,/assets/augments/icons/16.13/puristcaster_small.png,获得百分比冷却缩减并将你的所有攻击速度转化为技能急速。,silver,50.997862186616,0.5828592973452382,231545,4,56,npc,NPC,#5a7a8a,0.9003,49.3299,0.35,0.996,143,-4.3889,-1.0807,110,33,118083,,2026-06-29T10:17:34.665Z
2083,2083,牙仙子,/assets/augments/icons/16.13/questburstingteeth_small.png,爆裂敌人会掉落牙齿。拾取牙齿会提供给你永久的穿甲和法术穿透。,gold,53.00841107732821,0.5812004220641891,230886,3,65,elite,人上人,#b08a2d,3.9143,51.446099999999994,0.35,1.0087,143,0.6464,1.9707999999999999,128,15,122389,,2026-06-29T10:17:34.665Z
1047,1047,关键暴击,/assets/augments/icons/16.13/itscritical_small.png,获得%i:scaleCrit%50%暴击几率。,gold,51.19843356740296,0.5810921798227853,230843,5,47.1,trap,拉完了,#7a3aa8,1.2722,49.1563,0.35,0.9949,77,-2.2439,-1.6910999999999998,59,18,118188,,2026-06-29T10:17:34.665Z
1420,1420,咏叹奏鸣,/assets/augments/icons/16.13/sonata_small.png,每10秒，以一个不断交替的旋律来自动施放坚毅咏叹调和迅捷奏鸣曲。坚毅咏叹调治疗附近友军并提供一个临时的护盾光环。迅捷奏鸣曲提供一个临时光环来提供额外移动速度。,gold,56.275143092561834,0.5712949983450265,226951,2,73.5,top,顶级,#e8751a,6.6841,54.152100000000004,0.35,1.0249,173,0.0916,2.2174,169,4,127717,,2026-06-29T10:17:34.665Z
1063,1063,狂徒豪气,/assets/augments/icons/16.13/outlawsgrit_small.png,在使用一次冲刺、闪烁或传送之后，你获得12护甲和魔法抗性，这个效果至多可叠加至5层。,gold,51.90413262854396,0.544795787292517,216424,3,66.4,elite,人上人,#b08a2d,6.341,50.142399999999995,0.35,1.0009,93,-0.7824,1.2702,88,5,112333,,2026-06-29T10:17:34.665Z
1237,1237,质变：黄金阶,/assets/augments/icons/16.13/transmutegold_small.png,获得1个随机%i:Augment%黄金阶强化符文。,silver,53.75882629479476,0.5408109624519999,214841,4,51.1,npc,NPC,#5a7a8a,-1.5341,51.4505,0.35,1.0087,173,-0.8656,-0.6868,149,24,115496,,2026-06-29T10:17:34.665Z
2123,2123,超负荷,/assets/augments/icons/16.13/genericabilityaugmenticon_prismatic.png,使用另一个技能会重置【?】技能的冷却时间。,prismatic,50.21002348294061,0.53276076040527,211643,4,56.5,npc,NPC,#5a7a8a,2.4573,49.5077,0.35,0.997,120,-4.8874,-0.2264,36,84,106266,,2026-06-29T10:17:34.665Z
1037,1037,急救用具,/assets/augments/icons/16.13/firstaidkit_small.png,获得20%治疗和护盾强度。,silver,54.34155977984718,0.5300874287687387,210581,4,55.9,npc,NPC,#5a7a8a,8.6937,53.1693,0.35,1.019,22,-0.2343,0.43629999999999997,16,6,114433,,2026-06-29T10:17:34.666Z
1311,1311,溢流,/assets/augments/icons/16.13/overflow_small.png,你的法力消耗翻倍。你的技能的治疗效果、护盾效果和伤害获得提升，提升幅度基于你的最大法力值。,gold,51.67787840841803,0.5186414410556428,206034,4,59.7,npc,NPC,#5a7a8a,4.8238,49.9762,0.35,0.9999,128,-2.7548,-0.0466,104,24,106474,,2026-06-29T10:17:34.666Z
1323,1323,残忍,/assets/augments/icons/16.13/cruelty_small.png,定身或缚地一个英雄时，召唤一颗会在短暂延迟后着陆的彗星，对附近的敌人们造成魔法伤害。,prismatic,50.42732124215846,0.5160335582162393,204998,4,52.9,npc,NPC,#5a7a8a,1.7752,49.245,0.35,0.9955,83,-2.7433,-0.9218999999999999,59,24,103375,,2026-06-29T10:17:34.666Z
1011,1011,你摸不到,/assets/augments/icons/16.13/canttouchthis_small.png,施放你的终极技能会使你进入短时间的免疫伤害状态。,prismatic,47.75292305711413,0.5083080828937209,201929,5,47.6,trap,拉完了,#7a3aa8,-2.7081,46.5833,0.35,0.9795,173,-4.5201,-2.1966,129,44,96427,,2026-06-29T10:17:34.666Z
1149,1149,不动如山,/assets/augments/icons/16.13/impassable_small.png,获余震和冰川增幅基石符文。,gold,48.88697196498795,0.4960892959222303,197075,5,44.6,trap,拉完了,#7a3aa8,-1.2367,47.3989,0.35,0.9844,115,-3.6587,-2.2648,91,24,96344,,2026-06-29T10:17:34.666Z
1051,1051,点亮他们！,/assets/augments/icons/16.13/lightemup_small.png,每第4次攻击发射4个飞弹以造成魔法伤害%i:OnHit%攻击特效。,silver,54.95427332415922,0.49572681027659893,196931,3,63.3,elite,人上人,#b08a2d,2.521,53.3948,0.35,1.0204,145,-2.9499999999999997,0.31770000000000004,137,8,108222,,2026-06-29T10:17:34.666Z
1319,1319,升级：献祭,/assets/augments/icons/16.13/upgradeimmolate_small.png,【璀璨回响】和【日炎圣盾】每当有目标受到【献祭】效果影响时，提供12 金币 。获得250金币。,silver,56.65576618466098,0.49265323407301637,195710,4,56.6,npc,NPC,#5a7a8a,4.728,55.659000000000006,0.35,1.034,61,0.5405,1.1436,57,4,110881,,2026-06-29T10:17:34.666Z
1068,1068,循环往复,/assets/augments/icons/16.13/recursion_small.png,获得60技能急速。,gold,52.31298612473424,0.4747781606728197,188609,4,58.6,npc,NPC,#5a7a8a,-0.7575,50.394000000000005,0.35,1.0024,173,-0.9684,-0.051000000000000004,163,10,98667,,2026-06-29T10:17:34.666Z
1301,1301,神圣干预,/assets/augments/icons/16.13/slowactingpainkillers_small.png,战斗开始后的短时间内，召唤一颗护体星星。在它着陆时，你和附近的友军们进入持续若干秒的免疫伤害状态。随后每35秒自动施放这个效果。,gold,50.009173321821706,0.4664988878361422,185320,4,49.5,npc,NPC,#5a7a8a,-2.5519,48.3733,0.35,0.9902,173,-3.1254999999999997,-2.2065,159,14,92677,,2026-06-29T10:17:34.666Z
1361,1361,艾卡西亚的陷落,/assets/augments/icons/16.13/quest_voidimmolation_small.png,即刻：获得1个【斑比的熔渣】。任务：持有日炎圣盾和璀璨回响。奖励：将这些装备合成为虚空献祭。,prismatic,61.6942233549683,0.4661817128962148,185194,2,80.8,top,顶级,#e8751a,8.9687,60.8163,0.35,1.0649,69,4.043900000000001,5.8476,67,2,114254,,2026-06-29T10:17:34.666Z
2137,2137,轻拍背部,/assets/augments/icons/16.13/patontheback_small.png,友军会在你走过时鼓励你，为你提供护盾和移动速度。,gold,49.57470992965828,0.4584209959137044,182111,4,50.9,npc,NPC,#5a7a8a,-1.3997,48.0803,0.35,0.9885,173,-1.4136,-1.1228,161,12,90281,,2026-06-29T10:17:34.666Z
1996,1996,升级：耀光,/assets/augments/icons/16.13/upgradesheen_small.png,你的咒刃效果造成额外伤害并治疗你自身，治疗量相当于目标生命值的一定百分比。此外，获得250金币。,gold,51.52960673654036,0.4496030291314358,178608,3,68.7,elite,人上人,#b08a2d,6.5944,50.222699999999996,0.35,1.0013,47,-1.7377,1.125,35,12,92036,,2026-06-29T10:17:34.666Z
2127,2127,大师铸就,/assets/augments/icons/16.13/forgedbythemaster_small.png,使你的装备和强化符文伤害提升?。,silver,55.452658739062144,0.44877736738305324,178280,3,64.6,elite,人上人,#b08a2d,0.5531,53.67150000000001,0.35,1.022,173,0.7866,1.5224,164,9,98861,,2026-06-29T10:17:34.666Z
1141,1141,全心为你,/assets/augments/icons/16.13/allforyou_small.png,你的治疗和护盾在用在一个友军身上时会变强。,gold,52.790866150859195,0.4343408730934985,172545,4,57.3,npc,NPC,#5a7a8a,7.9404,51.3569,0.35,1.0081,23,-1.7496999999999998,-0.1178,16,7,91088,,2026-06-29T10:17:34.666Z
1004,1004,回归基本功,/assets/augments/icons/16.13/backtobasics_small.png,获得提升过的技能伤害、治疗效果、护盾和技能急速，但你不能使用你的终极技能。,prismatic,54.97710333870703,0.43096522551855654,171204,2,74.5,top,顶级,#e8751a,4.7159,53.8814,0.35,1.0233,167,-0.6069,3.3715,152,15,94123,,2026-06-29T10:17:34.666Z
1345,1345,心灵净化,/assets/augments/icons/16.13/spiritualpurification_small.png,参与击杀时，产生一次爆炸，对附近其它敌人们造成60%减速，并且造成基于他们当前生命值的伤害。,gold,48.26892654038191,0.42803261595494163,170039,5,47.8,trap,拉完了,#7a3aa8,-3.1643,46.8518,0.35,0.9811,173,-2.4629000000000003,-2.1756,164,9,82076,,2026-06-29T10:17:34.666Z
1001,1001,泰坦的坚决,/assets/augments/icons/16.13/iamthejuggernaut_small.png,在承受或造成伤害时获得层数。每10层，获得适应之力、护甲、魔法抗性、体型和韧性。,prismatic,46.62831727205337,0.42447320829575585,168625,5,46.6,trap,拉完了,#7a3aa8,-4.6036,46.623,0.35,0.9797,165,-4.6538,-2.9496,148,17,78627,,2026-06-29T10:17:34.666Z
2055,2055,多重射击,/assets/augments/icons/16.13/genericabilityaugmenticon_prismatic.png,任务：用【?】技能命中敌方英雄?次。奖励：发射数量基于任务等级的额外飞弹。,prismatic,46.35504415050603,0.4213442523407574,167382,4,59.7,npc,NPC,#5a7a8a,4.7184,46.3535,0.35,0.9781,37,-3.9182,-0.47609999999999997,17,20,77590,,2026-06-29T10:17:34.666Z
1206,1206,魔法转物理,/assets/augments/icons/16.13/escapade_small.png,将法术强度转化为额外攻击力。获得15%攻击力。,silver,51.66320974076044,0.4211302851193777,167297,3,63.4,elite,人上人,#b08a2d,2.6138,50.268100000000004,0.35,1.0016,100,-1.3018999999999998,0.8456999999999999,83,17,86431,,2026-06-29T10:17:34.666Z
1103,1103,面包和黄油,/assets/augments/icons/16.13/genericabilityaugmenticon_gold.png,你的【?】技能获得100技能急速。,gold,50.45689789742912,0.419270028924089,166558,4,48.1,npc,NPC,#5a7a8a,-3.6917,49.0758,0.35,0.9945,163,-2.87,-1.8027000000000002,136,27,84040,,2026-06-29T10:17:34.666Z
1373,1373,缩小引擎,/assets/augments/icons/16.13/shrinkengine_small.png,参与击杀后会让你变小并且获得技能急速和移动速度。阵亡时损失65%层数。,gold,52.9953047068639,0.4133519473068714,164207,3,64,elite,人上人,#b08a2d,0.069,51.2987,0.35,1.0078,173,0.2067,0.9586000000000001,163,10,87022,,2026-06-29T10:17:34.666Z
2009,2009,狂热者,/assets/augments/icons/16.13/zealot_small.png,获得?暴击几率和?攻击速度（随法术强度变化）。,silver,51.7345703912868,0.39937862912006783,158656,4,59.3,npc,NPC,#5a7a8a,5.0937,50.5868,0.35,1.0035,30,0.0713,0.241,25,5,82080,,2026-06-29T10:17:34.666Z
2111,2111,邦！,/assets/augments/icons/16.13/bonk_large.png,被【?】技能强化的攻击或技能会对目标和附近的敌人们造成额外伤害。,gold,53.999974558915184,0.39577894527803414,157226,2,78.6,top,顶级,#e8751a,13.4302,53.7864,0.35,1.0227,14,-0.021900000000000003,2.6901,7,7,84902,,2026-06-29T10:17:34.666Z
2098,2098,吃过路兵,/assets/augments/icons/16.13/dashing_small.png,周期性地识别出敌方英雄身上的破绽。 用攻击或技能命中它们时，会造成最大生命值真实伤害、回复生命值并提供移动速度。这些效果可以叠加。,prismatic,49.825201592324184,0.3945857633611643,156752,4,62.2,npc,NPC,#5a7a8a,0.6572,48.8762,0.35,0.9933,168,-0.31870000000000004,0.5006,161,7,78102,,2026-06-29T10:17:34.666Z
2042,2042,藏身草丛,/assets/augments/icons/16.13/brushpower_small.png,在进入草丛后，多造成20%伤害，持续2秒。留在草丛中会刷新这个效果。,gold,46.0645029467541,0.39423586402267286,156613,4,52.4,npc,NPC,#5a7a8a,-0.099,44.8728,0.35,0.9692,156,-3.2682999999999995,-1.5847,144,12,72143,,2026-06-29T10:17:34.666Z
1076,1076,天音爆,/assets/augments/icons/16.13/sonicboom_small.png,在为你的友军提供增益效果、治疗效果或护盾效果时，会对其附近的敌人们造成伤害和减速。,silver,53.60138185105967,0.37307576445894197,148207,4,57.8,npc,NPC,#5a7a8a,6.4498,52.667699999999996,0.35,1.016,22,-0.049,0.36219999999999997,18,4,79441,,2026-06-29T10:17:34.666Z
2099,2099,飞升仪式,/assets/augments/icons/16.13/glasscannon_small.png,参与击杀敌方英雄后会留下其精华。攻击该精华会提供移动速度并重置基础技能冷却时间。,prismatic,45.35348617121225,0.3670645441688885,145819,4,62.5,npc,NPC,#5a7a8a,2.0506,45.3513,0.35,0.9721,91,-2.5464,-0.49240000000000006,79,12,66134,,2026-06-29T10:17:34.666Z
1080,1080,会心防御,/assets/augments/icons/16.13/tankitorleaveit_small.png,你可以使用你的暴击几率(最大50%几率)来进行会心防御，使你有一定几率来使所受伤害降低。获得%i:scaleCrit%25%暴击几率。,silver,54.593631064219295,0.3657555682263308,145299,4,61.3,npc,NPC,#5a7a8a,2.4622,53.373000000000005,0.35,1.0202,76,-0.1493,0.5538000000000001,73,3,79324,,2026-06-29T10:17:34.666Z
1005,1005,喂呜喂呜,/assets/augments/icons/16.13/weewooweewoo_small.png,在朝着低生命值的友军移动时，获得移动速度。你的治疗和护盾获得提升，基于你目标的低生命值程度。,gold,56.373121437208496,0.36431066016666136,144725,2,81.3,top,顶级,#e8751a,10.9148,55.07959999999999,0.35,1.0305,23,3.5519000000000003,3.669,22,1,81586,,2026-06-29T10:17:34.666Z
1151,1151,面包和奶酪,/assets/augments/icons/16.13/genericabilityaugmenticon_gold.png,你的【?】技能获得100技能急速。,gold,50.344682639764606,0.3593138962320901,142740,4,49.9,npc,NPC,#5a7a8a,-4.0651,49.2098,0.35,0.9953,165,-2.4424,-1.6830999999999998,144,21,71862,,2026-06-29T10:17:34.666Z
1384,1384,捐赠,/assets/augments/icons/16.13/donation_small.png,获得1750金币。无需多问。,gold,52.33195767346881,0.35255253203649395,140054,4,60.2,npc,NPC,#5a7a8a,-1.8563,50.9555,0.35,1.0057,173,0.0579,0.2912,167,6,73293,,2026-06-29T10:17:34.666Z
1006,1006,利刃华尔兹,/assets/augments/icons/16.13/bladewaltz_small.png,获得利刃华尔兹作为一个召唤师技能。,prismatic,47.523162979547465,0.349665233178583,138907,4,58.8,npc,NPC,#5a7a8a,0.0486,46.734700000000004,0.35,0.9804,140,-2.7556000000000003,-0.39170000000000005,126,14,66013,,2026-06-29T10:17:34.666Z
1403,1403,属性叠属性！,/assets/augments/icons/16.13/statsonstats_small.png,获得3个【属性锻造器】，有更高几率出现黄金阶和棱彩阶锻造器！,gold,52.30262432259535,0.34234000242311585,135997,4,60.1,npc,NPC,#5a7a8a,-2.1492,51.0765,0.35,1.0065,173,0.20240000000000002,0.33180000000000004,168,5,71130,,2026-06-29T10:17:34.666Z
1305,1305,练腿日,/assets/augments/icons/16.13/legday_small.png,获得50移动速度和40%减速抗性。,silver,52.830736259320446,0.338274625216903,134382,4,58.7,npc,NPC,#5a7a8a,-2.37,51.548300000000005,0.35,1.0093,172,-0.0615,0.1936,169,3,70995,,2026-06-29T10:17:34.666Z
1072,1072,炽烈黎明,/assets/augments/icons/16.13/searingdawn_small.png,你的技能会标记敌人，使其在被你的友军的下一个攻击或技能命中时会受到额外魔法伤害。,gold,49.45808349360787,0.3337511064307949,132585,4,52.1,npc,NPC,#5a7a8a,-2.8524,48.341699999999996,0.35,0.99,169,-3.5576000000000003,-1.9682000000000002,163,6,65574,,2026-06-29T10:17:34.666Z
1150,1150,面包和果酱,/assets/augments/icons/16.13/genericabilityaugmenticon_gold.png,你的【?】技能获得100技能急速。,gold,49.91175351844808,0.3308940147100199,131450,4,49,npc,NPC,#5a7a8a,-4.8197,48.8757,0.35,0.9933,160,-2.6023,-2.0396,145,15,65609,,2026-06-29T10:17:34.666Z
2107,2107,濒死悟道,/assets/augments/icons/16.13/hellbent_small.png,用攻击或技能伤害敌方英雄时会提供层数。在满层时，你在阵亡时会进行强化复活。,prismatic,47.28664784811106,0.32549448894696936,129305,3,63,elite,人上人,#b08a2d,1.6542,47.2828,0.35,0.9837,92,-1.0766,-0.2033,85,7,61144,,2026-06-29T10:17:34.666Z
1413,1413,和我一起困在这里,/assets/augments/icons/16.13/stuckinherewithme_small.png,使用你的终极技能时会嘲讽附近的敌人们并提供给你伤害减免。,prismatic,48.73044907070112,0.3247821039628466,129022,4,56.1,npc,NPC,#5a7a8a,-0.4867,47.9937,0.35,0.988,94,-1.8556,-1.0863,78,16,62873,,2026-06-29T10:17:34.666Z
1325,1325,玻璃大炮,/assets/augments/icons/16.13/glasscannon_small.png,减少30%最大生命值。造成?额外真实伤害。,prismatic,45.38162030304452,0.32196277116349153,127902,5,44.2,trap,拉完了,#7a3aa8,-5.7201,44.6794,0.35,0.9681,127,-5.8189,-3.8906000000000005,90,37,58044,,2026-06-29T10:17:34.666Z
1134,1134,亮出你的剑,/assets/augments/icons/16.13/drawyoursword_small.png,变为近战状态，并且获得攻击力、生命值、攻击速度、生命偷取和移动速度 (每个属性都基于舍弃的攻击距离而进一步提升)。,prismatic,61.22752150117279,0.3219577366406356,127900,1,86,hang,夯,#c41e3a,17.2166,60.427299999999995,0.35,1.0626,36,2.2333,9.017,26,10,78310,,2026-06-29T10:17:34.666Z
2072,2072,咒语裂变,/assets/augments/icons/16.13/genericabilityaugmenticon_prismatic.png,在命中时、最大距离时或再次施放时，你的【?】技能的飞弹会分裂为两部分。,prismatic,47.08279876083487,0.32177649381781986,127828,3,67.7,elite,人上人,#b08a2d,7.0522,47.0793,0.35,0.9825,37,-3.5378,1.4055,18,19,60185,,2026-06-29T10:17:34.666Z
2004,2004,信念者的强化,/assets/augments/icons/16.13/empoweredbythefaithful_small.png,为友军提供治疗或护盾会赐福他们，使其伤害填充你的虔诚。当你拥有足够的虔诚时，释放一道冲击波来造成魔法伤害并处决低生命值的敌人们。,prismatic,51.47189169261662,0.3209231421937294,127489,4,50.5,npc,NPC,#5a7a8a,5.1894,50.8003,0.35,1.0048,23,-2.7243,-1.1643000000000001,13,10,65621,,2026-06-29T10:17:34.666Z
1046,1046,炼狱龙魂,/assets/augments/icons/16.13/infernalsoul_small.png,你获得炼狱龙魂，使用技能或攻击命中敌人时造成额外伤害。,silver,50.843707874078184,0.3174518386845235,126110,4,52.4,npc,NPC,#5a7a8a,-4.2086,49.6101,0.35,0.9977,173,-1.8339999999999999,-1.2128,168,5,64119,,2026-06-29T10:17:34.666Z
2024,2024,由暴生急,/assets/augments/icons/16.13/critncast_small.png,获得相当于你40%%i:scaleCrit%暴击几率的技能急速。,silver,49.22912836186792,0.31626117402908155,125637,4,52.9,npc,NPC,#5a7a8a,0.311,48.3175,0.35,0.9899,71,-4.8319,-1.5393000000000001,56,15,61850,,2026-06-29T10:17:34.666Z
1214,1214,旋转至胜,/assets/augments/icons/16.13/spintowin_small.png,你的旋转类技能获得30技能急速并且多造成30%伤害。,silver,50.11278593473888,0.3091171860964301,122799,4,56.5,npc,NPC,#5a7a8a,7.7217,49.4795,0.35,0.9969,25,-0.7679,0.4679,23,2,61538,,2026-06-29T10:17:34.666Z
2082,2082,我们的治疗,/assets/augments/icons/16.13/equillibrium_small.png,每当你周围的某人进行治疗时，你获得相当于其15%治疗效果的治疗效果。从敌方治疗中获得双倍。,gold,46.534711225935496,0.3020461987451905,119990,4,50.4,npc,NPC,#5a7a8a,-4.3145,46.5306,0.35,0.9792,171,-2.0369,-2.0185999999999997,162,9,55837,,2026-06-29T10:17:34.666Z
1333,1333,逃跑计划,/assets/augments/icons/16.13/escapeplan_small.png,在降至35%生命值时，获得巨量持续衰减的护盾、持续衰减的移动速度和持续衰减的缩小效果。,silver,54.67738953595859,0.29954907540861886,118998,3,67.7,elite,人上人,#b08a2d,-0.3678,53.5014,0.35,1.021,173,2.4987,2.3034,172,1,65065,,2026-06-29T10:17:34.666Z
2133,2133,仁慈打击,/assets/augments/icons/16.13/genericabilityaugmenticon_gold.png,在使用【?】技能之后，你的下一次普攻获得攻击距离、攻击速度并造成额外最大生命值魔法伤害。,gold,49.74460472070733,0.2912546990033734,115703,4,54.6,npc,NPC,#5a7a8a,6.8067,48.926199999999994,0.35,0.9936,11,-1.5677,-0.5606,8,3,57556,,2026-06-29T10:17:34.666Z
1061,1061,回力OK镖,/assets/augments/icons/16.13/okboomerang_small.png,每?秒朝着一个附近的敌人自动施放投掷一个回力镖。,gold,49.97342997273305,0.2889589565810414,114791,4,56.7,npc,NPC,#5a7a8a,-2.5155,48.9732,0.35,0.9938,163,-2.1608,-0.9806,155,8,57365,,2026-06-29T10:17:34.666Z
2054,2054,三重射击,/assets/augments/icons/16.13/genericabilityaugmenticon_prismatic.png,你的【?】技能会瞄准你前方2个额外的敌人。,prismatic,48.7464839334379,0.2872673569014284,114119,4,50.7,npc,NPC,#5a7a8a,3.4927,48.5954,0.35,0.9916,16,-2.8828,-0.5607,9,7,55629,,2026-06-29T10:17:34.666Z
1332,1332,不祥契约,/assets/augments/icons/16.13/wisdomofages_small.png,基于已损失生命值，获得法术强度、移动速度和全能吸血，每次你施放技能时会对自身造成伤害。,prismatic,50.74495748120037,0.2865449028715937,113832,4,59.7,npc,NPC,#5a7a8a,0.6456,50.119400000000006,0.35,1.0007,105,-2.9286,-0.5993,94,11,57764,,2026-06-29T10:17:34.666Z
2128,2128,炽燃利息,/assets/augments/icons/16.13/bloodmoney2_small.png,施加至英雄的灼烧和持续伤害会生成金币。,gold,50.27497087746864,0.2787590132748033,110739,3,70.1,elite,人上人,#b08a2d,6.1969,49.290800000000004,0.35,0.9957,32,-1.1149,0.4952,25,7,55674,,2026-06-29T10:17:34.666Z
1060,1060,海洋龙魂,/assets/augments/icons/16.13/oceansoul_small.png,获得【海洋龙魂】，在对敌方英雄造成伤害后提供高额的生命和法力回复。,silver,52.7743745616086,0.26915817818842813,106925,4,59.2,npc,NPC,#5a7a8a,-2.0294,51.6495,0.35,1.0099,145,-0.037599999999999995,0.337,142,3,56429,,2026-06-29T10:17:34.666Z
2026,2026,杀意翻涌,/assets/augments/icons/16.13/killsecure_small.png,在朝着低生命值的敌人时，获得额外移动速度。,silver,47.53292327863795,0.26110545888027026,103726,4,52.9,npc,NPC,#5a7a8a,-3.7502,46.7707,0.35,0.9806,170,-0.8931,-1.02,163,7,49304,,2026-06-29T10:17:34.666Z
1079,1079,战争交响乐,/assets/augments/icons/16.13/symphonyofwar_small.png,获得致命节奏和征服者基石符文。,prismatic,49.59159634657346,0.2607228351432149,103574,4,58.7,npc,NPC,#5a7a8a,-0.8852,48.8924,0.35,0.9934,127,-2.2726,-0.5740000000000001,120,7,51364,,2026-06-29T10:17:34.666Z
1054,1054,物法皆修,/assets/augments/icons/16.13/masterofduality_small.png,你的每次攻击为你提供可叠加的法术强度，并且你的每次技能在伤害敌人时为你提供可叠加的攻击力。,prismatic,49.99417554895451,0.2593131687435374,103014,2,75.7,top,顶级,#e8751a,9.5129,49.3874,0.35,0.9963,46,-3.6927000000000003,2.1328,20,26,51501,,2026-06-29T10:17:34.666Z
1416,1416,海克斯科技龙魂,/assets/augments/icons/16.13/infernalsoul_small.png,周期性地使你的下一个伤害型技能或攻击触发一道闪电爆裂，连锁穿过敌人以造成伤害和减速。,silver,50.81280620245644,0.25844471355087895,102669,4,56.1,npc,NPC,#5a7a8a,-4.559,49.8347,0.35,0.999,173,-1.5155999999999998,-0.8585,169,4,52169,,2026-06-29T10:17:34.666Z
2062,2062,回响施放,/assets/augments/icons/16.13/genericabilityaugmenticon_prismatic.png,施放你的【?】技能时会朝你的鼠标位置派出一个复制体并再次施放该技能。,prismatic,48.09438096728753,0.2573245322154209,102224,3,67,elite,人上人,#b08a2d,7.4164,48.0916,0.35,0.9885,37,-2.503,2.2873,19,18,49164,,2026-06-29T10:17:34.666Z
1401,1401,生机迸发,/assets/augments/icons/16.13/growthspurt_small.png,获得生机迸发作为一个召唤师技能。生机迸发会猛然提升你的体型，击飞附近的敌人们并提供最大生命值。,gold,51.35637640310537,0.2545328892917738,101115,4,59.9,npc,NPC,#5a7a8a,-4.3168,50.2566,0.35,1.0015,173,-0.9372999999999999,-0.3759,170,3,51929,,2026-06-29T10:17:34.666Z
1034,1034,防护面纱,/assets/augments/icons/16.13/poltergeist_small.png,每30秒获得一层法术护盾来格挡下一个敌方技能。,silver,49.54674535881396,0.24908553556159133,98951,4,56.7,npc,NPC,#5a7a8a,-5.6645,48.6991,0.35,0.9922,171,-1.1423,-1.0097,162,9,49027,,2026-06-29T10:17:34.666Z
1243,1243,质变：混沌,/assets/augments/icons/16.13/transmutechaos_small.png,获得2个随机%i:Augment%强化符文。,prismatic,50.85548828639116,0.2486399802888361,98774,4,57,npc,NPC,#5a7a8a,-4.9492,49.9514,0.35,0.9997,173,-0.7056,-0.5072,164,9,50232,,2026-06-29T10:17:34.666Z
1105,1105,家园卫士,/assets/augments/icons/16.13/homeguard_small.png,获得100%移动速度，在受到伤害后失效6秒。,silver,53.55413280801117,0.2453423678181619,97464,3,67.6,elite,人上人,#b08a2d,-1.5814,52.6303,0.35,1.0158,171,0.9002,1.755,170,1,52196,,2026-06-29T10:17:34.666Z
1205,1205,物理转魔法,/assets/augments/icons/16.13/adapt_small.png,将额外攻击力转化为法术强度。获得15%法术强度。,silver,50.92094642052185,0.24012408487792705,95391,4,58.4,npc,NPC,#5a7a8a,-2.1136,49.9883,0.35,0.9999,112,-2.456,-0.5317,105,7,48574,,2026-06-29T10:17:34.666Z
2016,2016,注魔,/assets/augments/icons/16.13/juiced_small.png,%i:OnHit%攻击特效消耗?法力值以造成?魔法伤害，这个伤害可以暴击。,silver,47.98065626049009,0.2399654974079633,95328,5,47.9,trap,拉完了,#7a3aa8,-4.9488,47.3951,0.35,0.9844,126,-4.106400000000001,-2.6561999999999997,113,13,45739,,2026-06-29T10:17:34.666Z
2091,2091,无尽大杀四方,/assets/augments/icons/16.13/endlessdecimate_small.png,在战斗状态下，自动施放一次环形斧头挥舞从而造成物理伤害。被斧刃命中的敌人们受到额外伤害并治疗你。,gold,48.654101406955135,0.23706309498148442,94175,4,57.3,npc,NPC,#5a7a8a,-1.1459,47.7432,0.35,0.9865,94,-1.3958,-0.7988999999999999,88,6,45820,,2026-06-29T10:17:34.666Z
1028,1028,侵蚀,/assets/augments/icons/16.13/erosion_small.png,对敌人造成伤害时会施加一层持续4秒且可叠加的护甲和魔法抗性击碎效果。,silver,52.74994866474294,0.23291968267100369,92529,3,63.5,elite,人上人,#b08a2d,-3.3067,51.8914,0.35,1.0113,173,-0.6988,0.6328,172,1,48809,,2026-06-29T10:17:34.666Z
1038,1038,有始有终,/assets/augments/icons/16.13/frombeginningtoend_small.png,获得先攻和黑暗收割基石符文。,gold,51.780618214024074,0.2302211784201924,91457,3,68.1,elite,人上人,#b08a2d,-0.6672,51.2964,0.35,1.0078,154,0.0051,1.3476,154,0,47357,,2026-06-29T10:17:34.666Z
1025,1025,俯冲轰炸,/assets/augments/icons/16.13/divebomber_small.png,在你阵亡时爆炸，造成巨量真实伤害。,silver,48.89871699435127,0.22994679692454087,91348,4,49.6,npc,NPC,#5a7a8a,-6.8651,48.0562,0.35,0.9883,170,-3.196,-2.1286,166,4,44668,,2026-06-29T10:17:34.666Z
2043,2043,自然即是治愈,/assets/augments/icons/16.13/natureishealing_small.png,站在草丛中时，每秒回复?最大生命值。,gold,47.37320074467602,0.22175059371498726,88092,4,48.9,npc,NPC,#5a7a8a,-6.0823,46.6122,0.35,0.9797,163,-2.7803999999999998,-2.4463,158,5,41732,,2026-06-29T10:17:34.666Z
2095,2095,掷骰狂人,/assets/augments/icons/16.13/highroller_small.png,附近敌人在阵亡时有几率掉落【属性锻造器】。,prismatic,54.698356740774436,0.22135538367079197,87935,3,69.4,elite,人上人,#b08a2d,-0.9268,53.8777,0.35,1.0233,173,3.3261,3.2921,172,1,48099,,2026-06-29T10:17:34.666Z
2005,2005,扳机炼狱,/assets/augments/icons/16.13/madscientist_small.png,获得悍勇本色。在你达到S评价等级时，自动使用炼狱扳机。,prismatic,47.730008184487986,0.20914414848358537,83084,4,58.4,npc,NPC,#5a7a8a,-2.4858,47.171400000000006,0.35,0.983,156,-2.9458,-0.8689,150,6,39656,,2026-06-29T10:17:34.666Z
1036,1036,火上浇油,/assets/augments/icons/16.13/firebrand_small.png,你的攻击会施加一个可无限叠加的灼烧%i:OnHit%攻击特效，持续造成伤害。,gold,48.437401827115195,0.20032114717846083,79579,4,51.8,npc,NPC,#5a7a8a,-8.6527,47.666,0.35,0.986,173,-4.0119,-2.8108,165,8,38546,,2026-06-29T10:17:34.666Z
2032,2032,鲨鱼诱饵,/assets/augments/icons/16.13/fishbait_small.png,在阵亡之后的若干秒，一头鲨鱼会啃噬所有附近的敌人们。你可以在阵亡后进行移动，以给鲨鱼攻击进行定位。,gold,47.96909521132653,0.19255287841166643,76493,4,55.5,npc,NPC,#5a7a8a,-7.5657,47.4182,0.35,0.9845,170,-1.9075000000000002,-1.5575999999999999,167,3,36693,,2026-06-29T10:17:34.666Z
1095,1095,风语者的祝福,/assets/augments/icons/16.13/windspeakersblessing_small.png,你的治疗效果和护盾效果还会提升目标的护甲和魔法抗性，这些加成持续3秒。,prismatic,58.44722383279494,0.18234538332114433,72438,1,86,hang,夯,#c41e3a,13.1507,58.011199999999995,0.35,1.0481,22,4.0497,7.1506,19,3,42338,,2026-06-29T10:17:34.666Z
2078,2078,连锁反应,/assets/augments/icons/16.13/genericabilityaugmenticon_prismatic.png,如果一个被【?】技能击退的目标命中了另一个英雄，则二者都会被击飞并受到伤害。在与地形产生碰撞时，该击飞时长会延长并且他们会受到额外伤害。,prismatic,44.88925802879291,0.1818469655584012,72240,4,61,npc,NPC,#5a7a8a,5.6227,44.832,0.35,0.969,21,-5.6377999999999995,-0.21960000000000002,4,17,32428,,2026-06-29T10:17:34.666Z
1404,1404,属性！,/assets/augments/icons/16.13/stats_small.png,获得2个%i:StatAnvil%【属性锻造器】！,silver,49.94397131331242,0.17971232786746094,71392,4,54.1,npc,NPC,#5a7a8a,-7.8294,49.2309,0.35,0.9954,173,-1.5827999999999998,-1.3264,171,2,35656,,2026-06-29T10:17:34.666Z
1002,1002,尖端发明家,/assets/augments/icons/16.13/apexinventor_small.png,获得100装备急速(相当于50%装备冷却缩减)。装备急速可缩减所有装备技能的冷却时间。,gold,49.43320519655433,0.17942536006466944,71278,4,56.2,npc,NPC,#5a7a8a,-7.9945,48.7345,0.35,0.9924,172,-2.8009,-1.8109,169,3,35235,,2026-06-29T10:17:34.666Z
1116,1116,闪现向前,/assets/augments/icons/16.13/flashy_small.png,你的闪现有3层充能。在120秒后，再次获得所有充能。,gold,49.60885923191595,0.1773033086808692,70435,4,57,npc,NPC,#5a7a8a,-7.3994,48.952,0.35,0.9937,172,-1.273,-0.8593,170,2,34942,,2026-06-29T10:17:34.666Z
1027,1027,大地苏醒,/assets/augments/icons/16.13/earthwake_small.png,你的冲刺、闪烁或传送类技能会留下一条在0.75秒后爆炸的轨迹。,prismatic,46.647850629613544,0.17391759206021512,69090,4,55.6,npc,NPC,#5a7a8a,-1.3418,46.2496,0.35,0.9775,81,-3.0486,-0.7572,75,6,32229,,2026-06-29T10:17:34.666Z
2139,2139,豪猪,/assets/augments/icons/16.13/pincushion_small.png,承受来自英雄的伤害会积攒一次尖针迸发，这些尖针会从你身上飞出，对附近的敌人们造成伤害和减速。,gold,48.40242171431882,0.1737967635116713,69042,4,58.7,npc,NPC,#5a7a8a,-7.0006,48.396699999999996,0.35,0.9904,168,-3.7476000000000003,-1.8256000000000001,167,1,33418,,2026-06-29T10:17:34.666Z
2034,2034,鲨鱼暴风,/assets/augments/icons/16.13/sharktempest_small.png,鲨鱼们环绕着你的【雪球】，对附近的敌人们造成伤害和减速。当你的【雪球】命中一个英雄时，其会陷入一阵鲨鱼风暴之中！,gold,47.68652695046823,0.17284272143046098,68663,4,51.5,npc,NPC,#5a7a8a,-9.6311,47.084399999999995,0.35,0.9825,173,-2.8769,-2.3587000000000002,171,2,32743,,2026-06-29T10:17:34.666Z
1329,1329,史上最大雪球,/assets/augments/icons/16.13/biggestsnowballever_small.png,你的雪球获得100技能急速。你的雪球现在变得非常大，并且可以穿过小兵。它会减速， 击飞英雄，并造成额外伤害。如果你没有雪球，则获得一个雪球。,prismatic,49.36085082596608,0.171125949136568,67981,4,57,npc,NPC,#5a7a8a,-7.9997,48.7603,0.35,0.9926,173,-1.7734,-1.0343,170,3,33556,,2026-06-29T10:17:34.666Z
2129,2129,地形专家,/assets/augments/icons/16.13/lightningstrikes_small.png,你的【?】技能会在它周围的一个区域内造成伤害。,gold,51.03702356044756,0.16603352926773293,65958,3,66.2,elite,人上人,#b08a2d,12.459,50.973800000000004,0.35,1.0058,6,-0.09870000000000001,2.5444,5,1,33663,,2026-06-29T10:17:34.666Z
1308,1308,火狐,/assets/augments/icons/16.13/firfox_small.png,自动施放获得移动速度并召唤3道烈焰环绕于你，瞄准距离内相距最近的那个可见英雄并造成魔法伤害。,silver,51.45520345477769,0.1655451805507018,65764,4,62.8,npc,NPC,#5a7a8a,-3.393,50.81099999999999,0.35,1.0049,117,-0.16440000000000002,0.5236000000000001,117,0,33839,,2026-06-29T10:17:34.666Z
1331,1331,至高天诺言,/assets/augments/icons/16.13/empyreampromise_small.png,获得%i:scaleHealShield%15%治疗和护盾强度。获得至高天诺言作为一个召唤师技能。警惕传送至你的友军并在着陆时提供持续3秒的?护盾值。,prismatic,51.03812586127698,0.16440234386239178,65310,4,59.4,npc,NPC,#5a7a8a,1.8647,50.6335,0.35,1.0038,50,-2.4704,-0.32030000000000003,48,2,33333,,2026-06-29T10:17:34.666Z
2134,2134,电涌力场,/assets/augments/icons/16.13/surgefield_small.png,在施放终极技能时，在你周围生成一个地带来提供技能急速和移动速度。在其中时，它会发射飞弹，飞弹造成相当于你造成的20%伤害。,prismatic,45.95684208900354,0.1629649875870063,64739,5,44.3,trap,拉完了,#7a3aa8,-7.6239,45.953300000000006,0.35,0.9757,123,-4.2132000000000005,-3.6790999999999996,115,8,29752,,2026-06-29T10:17:34.666Z
1092,1092,易损,/assets/augments/icons/16.13/vulnerability_small.png,你的装备效果和持续伤害效果可以暴击。获得%i:scaleCrit% 25%暴击几率。,gold,50.82857366403255,0.16086559155605798,63905,3,64.3,elite,人上人,#b08a2d,-0.7262,50.1803,0.35,1.0011,77,-1.0244,0.6693,72,5,32482,,2026-06-29T10:17:34.666Z
1074,1074,缩小射线,/assets/augments/icons/16.13/shrinkray_small.png,你的攻击会将目标的伤害与体型削减15%%i:OnHit%攻击特效。,gold,46.90858734479991,0.15996441196483557,63547,4,49.8,npc,NPC,#5a7a8a,-12.0487,46.3379,0.35,0.978,173,-4.916,-4.0174,171,2,29809,,2026-06-29T10:17:34.666Z
1358,1358,弹球,/assets/augments/icons/16.13/pinballsnowball_small.png,你的雪球获得技能急速并且造成额外的真实伤害。当雪球从墙体上反弹时，它的体型和伤害获得提升，并缩短它的冷却时间。,gold,47.01631775346278,0.1592016817521529,63244,4,50.3,npc,NPC,#5a7a8a,-10.6499,46.4259,0.35,0.9786,173,-3.5742000000000003,-2.9637000000000002,171,2,29735,,2026-06-29T10:17:34.666Z
2088,2088,下雪天,/assets/augments/icons/16.13/snowday_small.png,你的【雪球】获得100技能急速。在命中一名敌人时造成额外魔法伤害。如果你没有【雪球】，则获得一个【雪球】。,silver,47.28283441423597,0.15758559991537974,62602,4,49.6,npc,NPC,#5a7a8a,-10.1183,46.7491,0.35,0.9805,154,-3.66,-3.1534,151,3,29600,,2026-06-29T10:17:34.666Z
2076,2076,保持坚定,/assets/augments/icons/16.13/genericabilityaugmenticon_silver.png,当【?】技能对敌方英雄造成伤害时，获得?护甲和魔法抗性。,silver,53.490998257727306,0.15604000139859045,61988,3,63.4,elite,人上人,#b08a2d,3.9804,53.3165,0.35,1.0199,16,1.6098000000000001,1.6055,15,1,33158,,2026-06-29T10:17:34.666Z
2064,2064,快步,/assets/augments/icons/16.13/genericabilityaugmenticon_gold.png,当你使用【?】技能时，朝你的鼠标指针进行冲刺。,gold,46.127243066884176,0.1543081255361295,61300,5,42.1,trap,拉完了,#7a3aa8,5.7391,46.0803,0.35,0.9765,5,-3.5877,-2.0244,3,2,28276,,2026-06-29T10:17:34.666Z
2073,2073,虹吸,/assets/augments/icons/16.13/genericabilityaugmenticon_silver.png,用【?】技能伤害敌方英雄时会治疗你。,silver,50.62933772497353,0.1497946757957334,59507,4,50.9,npc,NPC,#5a7a8a,-0.5338,50.4204,0.35,1.0025,38,-2.2617000000000003,-0.7474999999999999,23,15,30128,,2026-06-29T10:17:34.666Z
1324,1324,蛋白粉奶昔,/assets/augments/icons/16.13/proteinshake_small.png,获得%i:scaleHealShield%?%治疗和护盾强度，基于额外护甲和魔抗。,prismatic,49.34845091781136,0.14275641284305773,56711,4,57.7,npc,NPC,#5a7a8a,2.6865,48.9964,0.35,0.994,23,-1.2924,0.1296,22,1,27986,,2026-06-29T10:17:34.666Z
2089,2089,哎哟，我的硬币！,/assets/augments/icons/16.13/youchmycoins_small.png,在参与击杀敌方英雄后，该英雄会在附近掉落多枚硬币，你和友军可以收集它们。每枚硬币价值15金币。,gold,48.38602819389746,0.1367829514744242,54338,4,54.2,npc,NPC,#5a7a8a,-10.7298,47.8253,0.35,0.987,173,-2.1158,-1.9756,171,2,26292,,2026-06-29T10:17:34.666Z
2135,2135,针插垫,/assets/augments/icons/16.13/symphonyofwar_small.png,在【?】技能期间进行攻击会施加标记，其会在该持续时长结束时爆炸，从而造成伤害并提供移动速度。,prismatic,47.83125813045902,0.13545383744044254,53810,4,61,npc,NPC,#5a7a8a,3.934,47.775099999999995,0.35,0.9867,12,-5.7587,-1.2494,1,11,25738,,2026-06-29T10:17:34.666Z
1315,1315,快中求稳,/assets/augments/icons/16.13/swiftandsafe_small.png,在冲刺或闪烁后，获得护盾值。,silver,51.20455870460572,0.13385034191080936,53173,3,63.5,elite,人上人,#b08a2d,-2.1379,50.671,0.35,1.004,93,0.7075,1.3906999999999998,93,0,27227,,2026-06-29T10:17:34.666Z
1062,1062,全能龙魂,/assets/augments/icons/16.13/omnisoul_small.png,获得3个随机龙魂。,prismatic,52.51572327044025,0.13047972885872325,51834,3,66.3,elite,人上人,#b08a2d,-6.3236,52.1006,0.35,1.0126,173,1.6527,1.8277999999999999,173,0,27221,,2026-06-29T10:17:34.666Z
12317,12317,潘朵拉的盒子,/assets/augments/icons/16.13/pandoras_box_small.png,将你的所有强化符文变为随机的棱彩阶%i:Augment%强化符文。,prismatic,46.41214801479365,0.12863961075485847,51103,4,49,npc,NPC,#5a7a8a,-13.832,46.2352,0.35,0.9774,172,-3.6923999999999997,-3.6723,170,2,23718,,2026-06-29T10:17:34.666Z
1057,1057,山脉龙魂,/assets/augments/icons/16.13/mountainsoul_small.png,你获得山脉龙魂，在脱离战斗之后获得一个持续一小段时间的护盾。,silver,49.602944825874765,0.12172469361215461,48356,4,56.4,npc,NPC,#5a7a8a,-9.4745,49.1747,0.35,0.995,160,-1.3653,-1.2035,158,2,23986,,2026-06-29T10:17:34.666Z
1053,1053,科学狂人,/assets/augments/icons/16.13/madscientist_small.png,每次重生时，你的体型要么变大(获得适应之力和生命值)，要么变小(获得技能急速和移动速度)。,prismatic,54.048135391418974,0.11839687400434444,47034,3,69.6,elite,人上人,#b08a2d,-4.7058,53.629000000000005,0.35,1.0218,171,2.8421,3.4035999999999995,170,1,25421,,2026-06-29T10:17:34.666Z
1314,1314,强力护盾,/assets/augments/icons/16.13/mightyshield_small.png,当你获得护盾时，获得%i:miniAdaptiveForce%?适应之力，持续3秒。(5秒冷却时间),silver,47.19031555574533,0.1179034907644573,46838,5,43,trap,拉完了,#7a3aa8,0.5497,46.9382,0.35,0.9816,16,-3.8958,-2.7299,10,6,22103,,2026-06-29T10:17:34.666Z
2104,2104,灵魄炸弹,/assets/augments/icons/16.13/spiritbomb_small.png,为友方英雄提供治疗和护盾时���为你积攒一颗【灵魄炸弹】。在满层时，投掷该炸弹至生命值最低的那个友军，从而对其和附近友军们提供治疗和护盾。,prismatic,53.77358490566038,0.10433041714470512,41446,2,81,top,顶级,#e8751a,7.6149,53.7552,0.35,1.0225,17,1.757,3.6686000000000005,15,2,22287,,2026-06-29T10:17:34.666Z
2115,2115,软弹啪叽抓,/assets/augments/icons/16.13/squishyslappygrab_small.png,偶尔对所有附近的敌方英雄放出软弹啪叽的手，然后用灵链系住。你的下次攻击将拉拽所有被系住的敌人。,prismatic,44.711799220945714,0.102105158042357,40562,5,47.3,trap,拉完了,#7a3aa8,-9.7605,44.4284,0.35,0.9666,113,-4.2567,-3.2371999999999996,107,6,18136,,2026-06-29T10:17:34.666Z
1026,1026,唯快不破,/assets/augments/icons/16.13/dontblink_small.png,你每比目标多10移动速度，则对其多造成1%额外伤害。,silver,50.72143261684512,0.09333753648864837,37079,4,62.5,npc,NPC,#5a7a8a,-9.2538,50.3515,0.35,1.0021,155,-0.6249,0.31710000000000005,155,0,18807,,2026-06-29T10:17:34.666Z
1067,1067,活力焕发,/assets/augments/icons/16.13/rabblerousing_small.png,使用【?】技能时回复生命值。,gold,49.092193955207655,0.09261508245881364,36792,3,63.6,elite,人上人,#b08a2d,4.3227,49.0435,0.35,0.9943,13,-1.1603,0.8773,11,2,18062,,2026-06-29T10:17:34.666Z
1015,1015,死亡之环,/assets/augments/icons/16.13/circleofdeath_small.png,治疗效果和生命回复效果还会对相距最近的那个敌方英雄造成魔法伤害。,prismatic,50.03346346904629,0.09026899480792175,35860,4,53.7,npc,NPC,#5a7a8a,0.6927,49.763000000000005,0.35,0.9986,19,-3.0429,-1.0749,16,3,17942,,2026-06-29T10:17:34.666Z
1402,1402,属性叠属性叠属性！,/assets/augments/icons/16.13/statsonstatsonstats_small.png,获得4个【属性锻造器】，有更高几率出现黄金阶和棱彩阶锻造器！在你的下一次强化符文选取时，每个栏位获得一次额外的刷新。,prismatic,49.40281690140845,0.08936278069384335,35500,4,57.4,npc,NPC,#5a7a8a,-12.79,49.208,0.35,0.9952,170,-1.0888,-0.9513,169,1,17538,,2026-06-29T10:17:34.666Z
1337,1337,尊我为王,/assets/augments/icons/16.13/kingme_small.png,当你第一次携带一件传说级装备并乘坐敌人的传送门时，你会加冕为王，升级你的装备并获得一个随机棱彩阶强化符文。,prismatic,51.0049610205528,0.08879639687254434,35275,4,61.5,npc,NPC,#5a7a8a,-10.5479,50.7095,0.35,1.0043,170,0.6311,0.6592,170,0,17992,,2026-06-29T10:17:34.666Z
2136,2136,可靠武器,/assets/augments/icons/16.13/genericabilityaugmenticon_silver.png,用【?】技能打击敌方英雄时会铸造一条友谊纽带。【?】技能基于你的友谊等级获得到临时提升伤害,silver,49.53065708008788,0.08822749578981733,35049,5,40.3,trap,拉完了,#7a3aa8,-3.1907,49.403200000000005,0.35,0.9964,25,-3.2697,-2.2223,20,5,17360,,2026-06-29T10:17:34.666Z
1379,1379,升级：花晓之剑,/assets/augments/icons/16.13/upgrademikaelsblessing_small.png,获得100%攻击速度。你对英雄的攻击会使来自【花晓之剑】的治疗效果提升250%。,prismatic,49.56560680698612,0.08431567153071219,33495,3,68.1,elite,人上人,#b08a2d,2.3193,49.3583,0.35,0.9961,23,-3.5276,0.4184,19,4,16602,,2026-06-29T10:17:34.666Z
2065,2065,惊惧,/assets/augments/icons/16.13/desecrator_large.png,每当你施放【?】技能时，恐惧你周围的敌人们.,gold,48.4833569187227,0.08182609997842455,32506,4,62.9,npc,NPC,#5a7a8a,3.5093,48.4132,0.35,0.9905,9,-1.9435,-0.3776,5,4,15760,,2026-06-29T10:17:34.666Z
1204,1204,叠角龙,/assets/augments/icons/16.13/stackosaurusrex_small.png,在你获得一个技能、强化符文或装备的永久层数时，多获得100%！,silver,56.56878856469567,0.08118419831428567,32251,2,73.7,top,顶级,#e8751a,-0.9155,56.588300000000004,0.35,1.0395,115,2.2345,5.1396999999999995,115,0,18244,,2026-06-29T10:17:34.666Z
1347,1347,吵闹鬼,/assets/augments/icons/16.13/poltergeist_small.png,获得【吵闹鬼】作为一个召唤师技能。吵闹鬼会同时施放召唤师技能【屏障】和【幽灵疾步】。,silver,48.267080745341616,0.0810558179814579,32200,4,54.1,npc,NPC,#5a7a8a,-14.6014,47.9471,0.35,0.9877,159,-2.7228,-2.5208,159,0,15542,,2026-06-29T10:17:34.666Z
1154,1154,海牛阿福的勇士,/assets/augments/icons/16.13/quest_urfschampion_small.png,任务：参与击杀?次。奖励：金铲铲,prismatic,49.99206223210033,0.07928114867472101,31495,4,59.5,npc,NPC,#5a7a8a,-12.6999,49.7868,0.35,0.9987,168,-0.903,-0.2421,168,0,15745,,2026-06-29T10:17:34.666Z
2125,2125,前进时间到,/assets/augments/icons/16.13/genericabilityaugmenticon_silver.png,激活【?】技能会在其持续期间为你提供移动速度。,silver,50.300949004837335,0.06816995673154849,27081,4,50,npc,NPC,#5a7a8a,-3.9135,50.20250000000001,0.35,1.0012,29,-2.07,-1.4544,27,2,13622,,2026-06-29T10:17:34.666Z
1386,1386,转得我眩晕了,/assets/augments/icons/16.13/youspinmerightround_small.png,将一个召唤师技能替换为骄行荡寇。骄行荡寇发射一根钩爪，吸附在地形上，在此之后，你可以再次施放来绕着它摆荡。在摆荡状态下，自动攻击相距最近的那个敌人。在与一个敌方英雄碰撞或再次施放时结束摆荡。,silver,46.20588475018339,0.061768560920155716,24538,4,53.2,npc,NPC,#5a7a8a,-18.0582,46.029199999999996,0.35,0.9762,145,-4.7949,-4.0478,145,0,11338,,2026-06-29T10:17:34.666Z
1392,1392,神圣雪球,/assets/augments/icons/16.13/goldensnowball_small.png,雪球获得100技能急速。你在用【雪球】冲刺后短暂免疫伤害。如果你没有雪球，获得一个雪球。,prismatic,45.17784307705802,0.05739607781972737,22801,4,52.7,npc,NPC,#5a7a8a,-18.9167,45.0287,0.35,0.9702,145,-4.3372,-4.0732,145,0,10301,,2026-06-29T10:17:34.666Z
2144,2144,加固护盾,/assets/augments/icons/16.13/genericabilityaugmenticon_silver.png,来自【?】技能的护盾变得更强并且受益于目标的已损失生命值。,silver,50.71595365026214,0.057134282631215845,22697,4,49.9,npc,NPC,#5a7a8a,0.1256,50.6752,0.35,1.0041,11,-0.7117,-0.605,10,1,11511,,2026-06-29T10:17:34.666Z
1389,1389,男爵之手,/assets/augments/icons/16.13/handofbaron_small.png,获得25%适应之力。附近友方小兵都获得极大增强。,prismatic,53.22696953308095,0.055852996564366084,22188,3,66.4,elite,人上人,#b08a2d,-9.3358,53.2246,0.35,1.0193,139,3.1311,3.444,139,0,11810,,2026-06-29T10:17:34.666Z
1335,1335,夺金,/assets/augments/icons/16.13/goldrend_small.png,用攻击或技能对一个英雄造成伤害时会造成额外魔法伤害，并为你提供金币和 移动速度。,prismatic,50.25053040220286,0.05576489241438624,22153,4,61.8,npc,NPC,#5a7a8a,-13.1186,50.151199999999996,0.35,1.0009,139,-0.1164,0.5339,139,0,11132,,2026-06-29T10:17:34.666Z
2119,2119,过量延伸者,/assets/augments/icons/16.13/overextender_small.png,回城并进入到你的加农炮发射器。它的距离、飞行速度和伤害已经得到显著提升。,gold,49.66137723070839,0.05092168142692273,20229,4,58.5,npc,NPC,#5a7a8a,-15.9294,49.0548,0.35,0.9943,145,-0.9048999999999999,-0.6495,145,0,10046,,2026-06-29T10:17:34.666Z
2131,2131,别停止引导,/assets/augments/icons/16.13/dontchangethechannel_small.png,你每引导一秒都会获得护盾值。,silver,50.58338307917729,0.04638557633367468,18427,4,60.8,npc,NPC,#5a7a8a,-3.7447,50.3992,0.35,1.0024,33,-1.9432999999999998,-0.347,33,0,9321,,2026-06-29T10:17:34.666Z
2138,2138,自适应防护,/assets/augments/icons/16.13/genericabilityaugmenticon_silver.png,用【?】技能打击一个敌方英雄时，为你提供持续6秒的?护甲或魔法抗性，基于该技能的伤害类型。这个效果可以叠加。,silver,46.988386352160425,0.03489679517630283,13863,5,44.8,trap,拉完了,#7a3aa8,-5.3379,46.942299999999996,0.35,0.9817,17,-3.8452,-3.2793,12,5,6514,,2026-06-29T10:17:34.666Z
2080,2080,冰雪爆裂,/assets/augments/icons/16.13/snowbomb_small.png,再次施放雪球会造成提升伤害、击飞该目标、并击退附近的敌人们。,gold,45.214213513723664,0.03237449922545124,12861,4,54.7,npc,NPC,#5a7a8a,-23.0941,45.1338,0.35,0.9708,107,-4.0576,-4.2672,107,0,5815,,2026-06-29T10:17:34.666Z
1421,1421,舞会女王,/assets/augments/icons/16.13/promqueen_small.png,每35秒，自动施放一道闪亮宝冠降临在你头上。当它着陆时，获得洛的终极技能，魅惑你碰到的敌人们。,prismatic,46.29726433176511,0.028893126670533346,11478,4,57,npc,NPC,#5a7a8a,-16.6689,46.2973,0.35,0.9778,70,-2.9311,-2.6696,70,0,5314,,2026-06-29T10:17:34.666Z
2031,2031,空投熊,/assets/augments/icons/16.13/drop_bear_small.png,阵亡时，一个具有你所有强化符文的巨大提伯斯从天而降并伤害附近的敌人们。,prismatic,52.383441354798244,0.024080122820205784,9566,3,64.8,elite,人上人,#b08a2d,-13.191,52.1721,0.35,1.013,76,3.0658000000000003,3.099,76,0,5011,,2026-06-29T10:17:34.666Z
1118,1118,会心治疗,/assets/augments/icons/16.13/criticalhealing_small.png,你的治疗和护盾可以暴击，造成40%额外数额的效果。获得%i:scaleCrit% 25%暴击几率。,gold,46.473817567567565,0.0238435002459742,9472,3,64.8,elite,人上人,#b08a2d,4.619,46.4312,0.35,0.9786,2,1.0322,1.0703,2,0,4402,,2026-06-29T10:17:34.666Z
1104,1104,仆从大师,/assets/augments/icons/16.13/minionmancer_small.png,你的召唤物获得40%体型提升、生命值和伤害。,gold,49.53730480046269,0.017409380036017483,6916,4,50.3,npc,NPC,#5a7a8a,-0.2944,49.508799999999994,0.35,0.9971,3,-2.0736,-1.6008000000000002,3,0,3426,,2026-06-29T10:17:34.666Z
2118,2118,大招工具人,/assets/augments/icons/16.13/skipthebasic_small.png,你的技能急速仅作用于终极技能，但效果多50%。获得100技能急速。,prismatic,43.57821089455272,0.01007408023483834,4002,4,57.9,npc,NPC,#5a7a8a,-28.3357,43.5282,0.313128,0.9653,20,-7.1245,-5.9445,20,0,1744,,2026-06-29T10:17:34.666Z
2063,2063,位面转移,/assets/augments/icons/16.13/whenthedarknesscomes_small.png,获得当黑暗到来召唤师技能。生成一个地带来将它其中的所有人传送到另一个位面。,prismatic,38.72450445274346,0.008762587030852639,3481,4,53.6,npc,NPC,#5a7a8a,-31.4968,38.6717,0.291909,0.9433,21,-8.1458,-7.898,21,0,1348,,2026-06-29T10:17:34.666Z
2046,2046,魄罗蛮冲,/assets/augments/icons/16.13/questporocharge_small.png,任务：收集【魄罗佳肴】并投喂?只魄罗奖励：获得【魄罗冲锋】召唤师技能，可让魄罗们对敌方队伍发动几波攻势。每任务等级都会解锁额外的波次。“噢吼！它们可真萌啊！”——魄罗驯养人,prismatic,41.36504653567735,0.0024341918008717327,967,4,52.4,npc,NPC,#5a7a8a,0,41.2253,0.153602,0.9769,0,0,0,0,0,400,,2026-06-29T10:17:34.666Z
1187,1187,闪光弹,/assets/augments/icons/16.13/flashbang_small.png,你的【闪现】会引发一次爆炸，造成伤害和减速（阵亡时重置）。,silver,50.44776119402985,0.0008432825783785217,335,4,60.8,npc,NPC,#5a7a8a,0,50.165000000000006,0.08616,1.0002,0,0,0,0,0,169,,2026-06-29T10:17:34.666Z
1348,1348,闪闪现现,/assets/augments/icons/16.13/flash2_small.png,获得第二个【闪现】召唤师技能和70召唤师技能急速。,silver,50.92592592592593,0.0008155927026705701,324,4,61.1,npc,NPC,#5a7a8a,0,50.1754,0.083561,1.0003,0,0,0,0,0,165,,2026-06-29T10:17:34.666Z