_id,champion_id,augment_id,stage,win_rate,pick_rate,sample_size,patch_version,updated_at
0_1353_3_26.12,0,1353,3,47.56,0,43135,26.12,2026-06-29T10:17:34.724Z
0_1353_7_26.12,0,1353,7,47.85,0,59675,26.12,2026-06-29T10:17:34.724Z
0_1353_11_26.12,0,1353,11,49.25,0,74813,26.12,2026-06-29T10:17:34.724Z
0_1353_15_26.12,0,1353,15,49.31,0,69927,26.12,2026-06-29T10:17:34.724Z
0_1353_18_26.12,0,1353,18,69.7,0,406,26.12,2026-06-29T10:17:34.724Z
0_1181_3_26.12,0,1181,3,50.44,0,34940,26.12,2026-06-29T10:17:34.724Z
0_1181_7_26.12,0,1181,7,51.32,0,43159,26.12,2026-06-29T10:17:34.724Z
0_1181_11_26.12,0,1181,11,52.6,0,72356,26.12,2026-06-29T10:17:34.724Z
0_1181_15_26.12,0,1181,15,53.24,0,92013,26.12,2026-06-29T10:17:34.724Z
0_1181_18_26.12,0,1181,18,52.19,0,753,26.12,2026-06-29T10:17:34.724Z
0_1336_3_26.12,0,1336,3,45.5,0,40151,26.12,2026-06-29T10:17:34.725Z
0_1336_7_26.12,0,1336,7,46.74,0,56526,26.12,2026-06-29T10:17:34.725Z
0_1336_11_26.12,0,1336,11,47.95,0,69360,26.12,2026-06-29T10:17:34.725Z
0_1336_15_26.12,0,1336,15,47.73,0,73133,26.12,2026-06-29T10:17:34.725Z
0_1336_18_26.12,0,1336,18,47.83,0,69,26.12,2026-06-29T10:17:34.725Z
0_1390_3_26.12,0,1390,3,49.58,0,2999,26.12,2026-06-29T10:17:34.725Z
0_1390_7_26.12,0,1390,7,48.65,0,12130,26.12,2026-06-29T10:17:34.725Z
0_1390_11_26.12,0,1390,11,48.21,0,18534,26.12,2026-06-29T10:17:34.725Z
0_1390_15_26.12,0,1390,15,47.43,0,25534,26.12,2026-06-29T10:17:34.725Z
0_1152_3_26.12,0,1152,3,46.92,0,35711,26.12,2026-06-29T10:17:34.725Z
0_1152_7_26.12,0,1152,7,47.66,0,49407,26.12,2026-06-29T10:17:34.725Z
0_1152_11_26.12,0,1152,11,49.02,0,51490,26.12,2026-06-29T10:17:34.725Z
0_1152_15_26.12,0,1152,15,50.54,0,49088,26.12,2026-06-29T10:17:34.725Z
0_1152_18_26.12,0,1152,18,53.57,0,56,26.12,2026-06-29T10:17:34.725Z
0_1356_3_26.12,0,1356,3,55.23,0,182079,26.12,2026-06-29T10:17:34.725Z
0_1356_7_26.12,0,1356,7,48.58,0,4782,26.12,2026-06-29T10:17:34.725Z
0_1356_11_26.12,0,1356,11,49.21,0,7403,26.12,2026-06-29T10:17:34.725Z
0_1356_15_26.12,0,1356,15,51.75,0,10139,26.12,2026-06-29T10:17:34.725Z
0_2132_3_26.12,0,2132,3,56.41,0,23311,26.12,2026-06-29T10:17:34.725Z
0_2132_7_26.12,0,2132,7,55.35,0,23340,26.12,2026-06-29T10:17:34.725Z
0_2132_11_26.12,0,2132,11,54.62,0,25562,26.12,2026-06-29T10:17:34.725Z
0_2132_15_26.12,0,2132,15,52.86,0,21713,26.12,2026-06-29T10:17:34.725Z
0_1361_3_26.12,0,1361,3,53.93,0,145497,26.12,2026-06-29T10:17:34.725Z
0_1361_7_26.12,0,1361,7,53.03,0,150745,26.12,2026-06-29T10:17:34.725Z
0_1361_11_26.12,0,1361,11,53.57,0,173094,26.12,2026-06-29T10:17:34.725Z
0_1361_15_26.12,0,1361,15,50.79,0,142847,26.12,2026-06-29T10:17:34.725Z
0_1361_18_26.12,0,1361,18,55,0,160,26.12,2026-06-29T10:17:34.725Z
0_1133_3_26.12,0,1133,3,51.22,0,8416,26.12,2026-06-29T10:17:34.725Z
0_1133_7_26.12,0,1133,7,50.56,0,10931,26.12,2026-06-29T10:17:34.725Z
0_1133_11_26.12,0,1133,11,49.64,0,12622,26.12,2026-06-29T10:17:34.725Z
0_1133_15_26.12,0,1133,15,50.44,0,11922,26.12,2026-06-29T10:17:34.725Z
0_1134_7_26.12,0,1134,7,48.97,0,10105,26.12,2026-06-29T10:17:34.725Z
0_1134_11_26.12,0,1134,11,49.66,0,15468,26.12,2026-06-29T10:17:34.725Z
0_1134_15_26.12,0,1134,15,48.9,0,20501,26.12,2026-06-29T10:17:34.725Z
0_1030_3_26.12,0,1030,3,52.56,0,49720,26.12,2026-06-29T10:17:34.725Z
0_1030_7_26.12,0,1030,7,51.9,0,58411,26.12,2026-06-29T10:17:34.725Z
0_1030_11_26.12,0,1030,11,52.45,0,67329,26.12,2026-06-29T10:17:34.725Z
0_1030_15_26.12,0,1030,15,51.49,0,62814,26.12,2026-06-29T10:17:34.725Z
0_1030_18_26.12,0,1030,18,67.4,0,273,26.12,2026-06-29T10:17:34.725Z
0_1041_3_26.12,0,1041,3,49.93,0,14577,26.12,2026-06-29T10:17:34.725Z
0_1041_7_26.12,0,1041,7,50.22,0,23127,26.12,2026-06-29T10:17:34.725Z
0_1041_11_26.12,0,1041,11,50.77,0,40332,26.12,2026-06-29T10:17:34.725Z
0_1041_15_26.12,0,1041,15,50.5,0,48927,26.12,2026-06-29T10:17:34.725Z
0_1071_3_26.12,0,1071,3,54.09,0,22788,26.12,2026-06-29T10:17:34.725Z
0_1071_7_26.12,0,1071,7,53.31,0,69176,26.12,2026-06-29T10:17:34.725Z
0_1071_11_26.12,0,1071,11,52.57,0,65750,26.12,2026-06-29T10:17:34.725Z
0_1071_15_26.12,0,1071,15,51.12,0,64326,26.12,2026-06-29T10:17:34.725Z
0_1225_3_26.12,0,1225,3,49.56,0,9475,26.12,2026-06-29T10:17:34.725Z
0_1225_7_26.12,0,1225,7,49.04,0,12505,26.12,2026-06-29T10:17:34.725Z
0_1225_11_26.12,0,1225,11,49.94,0,19508,26.12,2026-06-29T10:17:34.725Z
0_1225_15_26.12,0,1225,15,50.42,0,22345,26.12,2026-06-29T10:17:34.725Z
0_1225_18_26.12,0,1225,18,53.15,0,762,26.12,2026-06-29T10:17:34.725Z
0_1388_3_26.12,0,1388,3,50.99,0,17296,26.12,2026-06-29T10:17:34.725Z
0_1388_7_26.12,0,1388,7,49.9,0,50336,26.12,2026-06-29T10:17:34.725Z
0_1388_11_26.12,0,1388,11,49.32,0,46381,26.12,2026-06-29T10:17:34.725Z
0_1388_15_26.12,0,1388,15,47.9,0,40314,26.12,2026-06-29T10:17:34.725Z
0_2006_3_26.12,0,2006,3,53.65,0,12502,26.12,2026-06-29T10:17:34.725Z
0_2006_7_26.12,0,2006,7,53.72,0,37457,26.12,2026-06-29T10:17:34.725Z
0_2006_11_26.12,0,2006,11,53.45,0,39591,26.12,2026-06-29T10:17:34.725Z
0_2006_15_26.12,0,2006,15,52.54,0,40159,26.12,2026-06-29T10:17:34.725Z
0_1097_3_26.12,0,1097,3,57.23,0,89052,26.12,2026-06-29T10:17:34.725Z
0_1097_7_26.12,0,1097,7,55.74,0,105129,26.12,2026-06-29T10:17:34.725Z
0_1097_11_26.12,0,1097,11,46.84,0,301,26.12,2026-06-29T10:17:34.725Z
0_1097_15_26.12,0,1097,15,44.97,0,169,26.12,2026-06-29T10:17:34.725Z
0_1022_3_26.12,0,1022,3,56.95,0,92044,26.12,2026-06-29T10:17:34.725Z
0_1022_7_26.12,0,1022,7,56.39,0,103728,26.12,2026-06-29T10:17:34.725Z
0_1022_11_26.12,0,1022,11,58.49,0,124573,26.12,2026-06-29T10:17:34.725Z
0_1022_15_26.12,0,1022,15,55.89,0,108446,26.12,2026-06-29T10:17:34.725Z
0_1022_18_26.12,0,1022,18,72.44,0,352,26.12,2026-06-29T10:17:34.725Z
0_1045_3_26.12,0,1045,3,47.5,0,4747,26.12,2026-06-29T10:17:34.725Z
0_1045_7_26.12,0,1045,7,48.59,0,16480,26.12,2026-06-29T10:17:34.725Z
0_1045_11_26.12,0,1045,11,48.99,0,19901,26.12,2026-06-29T10:17:34.725Z
0_1045_15_26.12,0,1045,15,48.83,0,23102,26.12,2026-06-29T10:17:34.725Z
0_1095_3_26.12,0,1095,3,48.04,0,4209,26.12,2026-06-29T10:17:34.725Z
0_1095_7_26.12,0,1095,7,47.98,0,8311,26.12,2026-06-29T10:17:34.725Z
0_1095_11_26.12,0,1095,11,47.47,0,16119,26.12,2026-06-29T10:17:34.725Z
0_1095_15_26.12,0,1095,15,47.09,0,21621,26.12,2026-06-29T10:17:34.725Z
0_2010_3_26.12,0,2010,3,48.35,0,36210,26.12,2026-06-29T10:17:34.725Z
0_2010_7_26.12,0,2010,7,47.13,0,38966,26.12,2026-06-29T10:17:34.725Z
0_2010_11_26.12,0,2010,11,47.64,0,42252,26.12,2026-06-29T10:17:34.725Z
0_2010_15_26.12,0,2010,15,47.12,0,36423,26.12,2026-06-29T10:17:34.725Z
0_2010_18_26.12,0,2010,18,70,0,160,26.12,2026-06-29T10:17:34.725Z
0_1195_3_26.12,0,1195,3,44.34,0,7038,26.12,2026-06-29T10:17:34.725Z
0_1195_7_26.12,0,1195,7,44.5,0,9310,26.12,2026-06-29T10:17:34.725Z
0_1195_11_26.12,0,1195,11,46.67,0,12516,26.12,2026-06-29T10:17:34.725Z
0_1195_15_26.12,0,1195,15,46.9,0,11646,26.12,2026-06-29T10:17:34.725Z
0_1195_18_26.12,0,1195,18,69.53,0,128,26.12,2026-06-29T10:17:34.725Z
0_1077_3_26.12,0,1077,3,54.96,0,23613,26.12,2026-06-29T10:17:34.725Z
0_1077_7_26.12,0,1077,7,52.16,0,4097,26.12,2026-06-29T10:17:34.725Z
0_1077_11_26.12,0,1077,11,51.31,0,5042,26.12,2026-06-29T10:17:34.725Z
0_1077_15_26.12,0,1077,15,49.95,0,6711,26.12,2026-06-29T10:17:34.725Z
0_1156_3_26.12,0,1156,3,48.14,0,53364,26.12,2026-06-29T10:17:34.725Z
0_1156_7_26.12,0,1156,7,46.29,0,2923,26.12,2026-06-29T10:17:34.725Z
0_1156_11_26.12,0,1156,11,46.99,0,4135,26.12,2026-06-29T10:17:34.725Z
0_1156_15_26.12,0,1156,15,47.66,0,4110,26.12,2026-06-29T10:17:34.725Z
0_1007_3_26.12,0,1007,3,54.15,0,16490,26.12,2026-06-29T10:17:34.725Z
0_1007_7_26.12,0,1007,7,53.27,0,54486,26.12,2026-06-29T10:17:34.725Z
0_1007_11_26.12,0,1007,11,51.85,0,51379,26.12,2026-06-29T10:17:34.725Z
0_1007_15_26.12,0,1007,15,50.12,0,49376,26.12,2026-06-29T10:17:34.725Z
0_1007_18_26.12,0,1007,18,68.97,0,58,26.12,2026-06-29T10:17:34.725Z
0_1115_3_26.12,0,1115,3,49.46,0,5423,26.12,2026-06-29T10:17:34.725Z
0_1115_7_26.12,0,1115,7,49.67,0,19471,26.12,2026-06-29T10:17:34.725Z
0_1115_11_26.12,0,1115,11,49.43,0,25636,26.12,2026-06-29T10:17:34.725Z
0_1115_15_26.12,0,1115,15,49.7,0,31899,26.12,2026-06-29T10:17:34.725Z
0_1138_3_26.12,0,1138,3,56.95,0,70469,26.12,2026-06-29T10:17:34.725Z
0_1138_7_26.12,0,1138,7,55.87,0,73906,26.12,2026-06-29T10:17:34.725Z
0_1138_11_26.12,0,1138,11,57.84,0,84644,26.12,2026-06-29T10:17:34.725Z
0_1138_15_26.12,0,1138,15,56.97,0,75455,26.12,2026-06-29T10:17:34.725Z
0_1138_18_26.12,0,1138,18,66.12,0,242,26.12,2026-06-29T10:17:34.725Z
0_1319_3_26.12,0,1319,3,55.32,0,50438,26.12,2026-06-29T10:17:34.725Z
0_1319_7_26.12,0,1319,7,54.67,0,56355,26.12,2026-06-29T10:17:34.725Z
0_1319_11_26.12,0,1319,11,54.56,0,62341,26.12,2026-06-29T10:17:34.725Z
0_1319_15_26.12,0,1319,15,53.97,0,70613,26.12,2026-06-29T10:17:34.725Z
0_1319_18_26.12,0,1319,18,67.31,0,52,26.12,2026-06-29T10:17:34.725Z
0_1013_3_26.12,0,1013,3,52.57,0,8469,26.12,2026-06-29T10:17:34.725Z
0_1013_7_26.12,0,1013,7,52.93,0,26797,26.12,2026-06-29T10:17:34.725Z
0_1013_11_26.12,0,1013,11,54.04,0,36504,26.12,2026-06-29T10:17:34.725Z
0_1013_15_26.12,0,1013,15,54.56,0,47685,26.12,2026-06-29T10:17:34.725Z
0_1013_18_26.12,0,1013,18,70.49,0,61,26.12,2026-06-29T10:17:34.725Z
0_2102_3_26.12,0,2102,3,49.33,0,7395,26.12,2026-06-29T10:17:34.725Z
0_2102_7_26.12,0,2102,7,48.8,0,9141,26.12,2026-06-29T10:17:34.725Z
0_2102_11_26.12,0,2102,11,49.5,0,10694,26.12,2026-06-29T10:17:34.725Z
0_2102_15_26.12,0,2102,15,48.67,0,10497,26.12,2026-06-29T10:17:34.725Z
0_1238_3_26.12,0,1238,3,56.54,0,642,26.12,2026-06-29T10:17:34.725Z
0_1238_7_26.12,0,1238,7,52.57,0,1033,26.12,2026-06-29T10:17:34.725Z
0_1238_11_26.12,0,1238,11,53.33,0,1639,26.12,2026-06-29T10:17:34.725Z
0_1238_15_26.12,0,1238,15,50.43,0,1987,26.12,2026-06-29T10:17:34.725Z
0_1328_3_26.12,0,1328,3,50.89,0,11313,26.12,2026-06-29T10:17:34.725Z
0_1328_7_26.12,0,1328,7,50.85,0,15769,26.12,2026-06-29T10:17:34.725Z
0_1328_11_26.12,0,1328,11,49.69,0,23723,26.12,2026-06-29T10:17:34.725Z
0_1328_15_26.12,0,1328,15,49.34,0,22628,26.12,2026-06-29T10:17:34.725Z
0_1328_18_26.12,0,1328,18,70.12,0,164,26.12,2026-06-29T10:17:34.725Z
0_1204_3_26.12,0,1204,3,43.41,0,26397,26.12,2026-06-29T10:17:34.725Z
0_1204_7_26.12,0,1204,7,44.51,0,27880,26.12,2026-06-29T10:17:34.725Z
0_1204_11_26.12,0,1204,11,45.55,0,28015,26.12,2026-06-29T10:17:34.725Z
0_1204_15_26.12,0,1204,15,46.81,0,21559,26.12,2026-06-29T10:17:34.725Z
0_1420_3_26.12,0,1420,3,50.1,0,13319,26.12,2026-06-29T10:17:34.725Z
0_1420_7_26.12,0,1420,7,49.54,0,18044,26.12,2026-06-29T10:17:34.725Z
0_1420_11_26.12,0,1420,11,49.41,0,23522,26.12,2026-06-29T10:17:34.725Z
0_1420_15_26.12,0,1420,15,46.87,0,20220,26.12,2026-06-29T10:17:34.725Z
0_1005_3_26.12,0,1005,3,46.16,0,34477,26.12,2026-06-29T10:17:34.725Z
0_1005_7_26.12,0,1005,7,43.84,0,917,26.12,2026-06-29T10:17:34.725Z
0_1005_11_26.12,0,1005,11,45.63,0,1407,26.12,2026-06-29T10:17:34.725Z
0_1005_15_26.12,0,1005,15,45.58,0,1876,26.12,2026-06-29T10:17:34.725Z
0_1081_3_26.12,0,1081,3,49.36,0,10662,26.12,2026-06-29T10:17:34.725Z
0_1081_7_26.12,0,1081,7,49.56,0,31172,26.12,2026-06-29T10:17:34.725Z
0_1081_11_26.12,0,1081,11,50.19,0,33470,26.12,2026-06-29T10:17:34.725Z
0_1081_15_26.12,0,1081,15,50.96,0,36200,26.12,2026-06-29T10:17:34.725Z
0_1081_18_26.12,0,1081,18,66.67,0,54,26.12,2026-06-29T10:17:34.725Z
0_2127_3_26.12,0,2127,3,50.49,0,28153,26.12,2026-06-29T10:17:34.725Z
0_2127_7_26.12,0,2127,7,49.94,0,31575,26.12,2026-06-29T10:17:34.725Z
0_2127_11_26.12,0,2127,11,49.95,0,41402,26.12,2026-06-29T10:17:34.725Z
0_2127_15_26.12,0,2127,15,49.1,0,36643,26.12,2026-06-29T10:17:34.725Z
0_2127_18_26.12,0,2127,18,61.4,0,57,26.12,2026-06-29T10:17:34.725Z
0_2116_3_26.12,0,2116,3,46.38,0,12486,26.12,2026-06-29T10:17:34.725Z
0_2116_7_26.12,0,2116,7,45.09,0,16910,26.12,2026-06-29T10:17:34.725Z
0_2116_11_26.12,0,2116,11,47.9,0,22841,26.12,2026-06-29T10:17:34.725Z
0_2116_15_26.12,0,2116,15,46.33,0,23673,26.12,2026-06-29T10:17:34.725Z
0_1180_3_26.12,0,1180,3,52.33,0,19507,26.12,2026-06-29T10:17:34.725Z
0_1180_7_26.12,0,1180,7,51.46,0,60611,26.12,2026-06-29T10:17:34.725Z
0_1180_11_26.12,0,1180,11,51.95,0,60138,26.12,2026-06-29T10:17:34.725Z
0_1180_15_26.12,0,1180,15,50.87,0,58933,26.12,2026-06-29T10:17:34.725Z
0_2096_3_26.12,0,2096,3,48.7,0,63791,26.12,2026-06-29T10:17:34.725Z
0_2096_7_26.12,0,2096,7,47.31,0,2253,26.12,2026-06-29T10:17:34.725Z
0_2096_11_26.12,0,2096,11,47.26,0,3415,26.12,2026-06-29T10:17:34.725Z
0_2096_15_26.12,0,2096,15,46.85,0,3274,26.12,2026-06-29T10:17:34.725Z
0_1415_3_26.12,0,1415,3,47.3,0,6317,26.12,2026-06-29T10:17:34.725Z
0_1415_7_26.12,0,1415,7,49.21,0,567,26.12,2026-06-29T10:17:34.725Z
0_1415_11_26.12,0,1415,11,45.65,0,758,26.12,2026-06-29T10:17:34.725Z
0_1415_15_26.12,0,1415,15,44.8,0,1096,26.12,2026-06-29T10:17:34.725Z
0_1004_3_26.12,0,1004,3,51.14,0,40922,26.12,2026-06-29T10:17:34.725Z
0_1004_7_26.12,0,1004,7,49.38,0,42263,26.12,2026-06-29T10:17:34.725Z
0_1004_11_26.12,0,1004,11,48.64,0,38613,26.12,2026-06-29T10:17:34.725Z
0_1004_15_26.12,0,1004,15,47.27,0,34784,26.12,2026-06-29T10:17:34.725Z
0_1333_3_26.12,0,1333,3,48.77,0,23466,26.12,2026-06-29T10:17:34.725Z
0_1333_7_26.12,0,1333,7,48.69,0,31856,26.12,2026-06-29T10:17:34.725Z
0_1333_11_26.12,0,1333,11,49.9,0,41968,26.12,2026-06-29T10:17:34.725Z
0_1333_15_26.12,0,1333,15,49,0,37511,26.12,2026-06-29T10:17:34.725Z
0_1333_18_26.12,0,1333,18,75.52,0,241,26.12,2026-06-29T10:17:34.725Z
0_1051_3_26.12,0,1051,3,57.92,0,147096,26.12,2026-06-29T10:17:34.725Z
0_1051_7_26.12,0,1051,7,55.18,0,106439,26.12,2026-06-29T10:17:34.725Z
0_1051_11_26.12,0,1051,11,47.83,0,253,26.12,2026-06-29T10:17:34.725Z
0_1051_15_26.12,0,1051,15,52.23,0,157,26.12,2026-06-29T10:17:34.725Z
0_2077_3_26.12,0,2077,3,54.47,0,4478,26.12,2026-06-29T10:17:34.725Z
0_2077_7_26.12,0,2077,7,51.36,0,6556,26.12,2026-06-29T10:17:34.725Z
0_2077_11_26.12,0,2077,11,51.77,0,10493,26.12,2026-06-29T10:17:34.725Z
0_2077_15_26.12,0,2077,15,51.43,0,11881,26.12,2026-06-29T10:17:34.725Z
0_2077_18_26.12,0,2077,18,74.14,0,116,26.12,2026-06-29T10:17:34.725Z
0_2095_3_26.12,0,2095,3,55.05,0,110996,26.12,2026-06-29T10:17:34.725Z
0_2095_7_26.12,0,2095,7,55.6,0,111925,26.12,2026-06-29T10:17:34.725Z
0_2095_11_26.12,0,2095,11,59.59,0,147806,26.12,2026-06-29T10:17:34.725Z
0_2095_15_26.12,0,2095,15,56.57,0,115538,26.12,2026-06-29T10:17:34.725Z
0_2095_18_26.12,0,2095,18,66.84,0,193,26.12,2026-06-29T10:17:34.725Z
0_1080_3_26.12,0,1080,3,48.19,0,36180,26.12,2026-06-29T10:17:34.725Z
0_1080_7_26.12,0,1080,7,47.91,0,48514,26.12,2026-06-29T10:17:34.725Z
0_1080_11_26.12,0,1080,11,49.33,0,61656,26.12,2026-06-29T10:17:34.725Z
0_1080_15_26.12,0,1080,15,48.46,0,55354,26.12,2026-06-29T10:17:34.725Z
0_1080_18_26.12,0,1080,18,70.55,0,421,26.12,2026-06-29T10:17:34.725Z
0_1220_3_26.12,0,1220,3,45.17,0,5530,26.12,2026-06-29T10:17:34.725Z
0_1220_7_26.12,0,1220,7,45.06,0,19374,26.12,2026-06-29T10:17:34.725Z
0_1220_11_26.12,0,1220,11,46.9,0,20552,26.12,2026-06-29T10:17:34.725Z
0_1220_15_26.12,0,1220,15,48.58,0,21301,26.12,2026-06-29T10:17:34.725Z
0_1029_3_26.12,0,1029,3,52.07,0,6341,26.12,2026-06-29T10:17:34.725Z
0_1029_7_26.12,0,1029,7,48.95,0,7728,26.12,2026-06-29T10:17:34.725Z
0_1320_3_26.12,0,1320,3,49.65,0,18192,26.12,2026-06-29T10:17:34.725Z
0_1320_7_26.12,0,1320,7,48.68,0,25742,26.12,2026-06-29T10:17:34.725Z
0_1320_11_26.12,0,1320,11,48.63,0,37950,26.12,2026-06-29T10:17:34.725Z
0_1320_15_26.12,0,1320,15,47.24,0,40956,26.12,2026-06-29T10:17:34.725Z
0_1037_3_26.12,0,1037,3,48.19,0,1297,26.12,2026-06-29T10:17:34.725Z
0_1037_7_26.12,0,1037,7,49.3,0,4460,26.12,2026-06-29T10:17:34.725Z
0_1037_11_26.12,0,1037,11,50.54,0,7077,26.12,2026-06-29T10:17:34.725Z
0_1037_15_26.12,0,1037,15,51.26,0,10514,26.12,2026-06-29T10:17:34.725Z
0_1344_3_26.12,0,1344,3,49.97,0,85483,26.12,2026-06-29T10:17:34.725Z
0_1344_7_26.12,0,1344,7,49.63,0,80491,26.12,2026-06-29T10:17:34.725Z
0_1344_11_26.12,0,1344,11,49.45,0,89483,26.12,2026-06-29T10:17:34.725Z
0_1344_15_26.12,0,1344,15,47.49,0,67839,26.12,2026-06-29T10:17:34.725Z
0_1344_18_26.12,0,1344,18,66.1,0,59,26.12,2026-06-29T10:17:34.725Z
0_1020_3_26.12,0,1020,3,45.91,0,2884,26.12,2026-06-29T10:17:34.725Z
0_1020_7_26.12,0,1020,7,45.8,0,5803,26.12,2026-06-29T10:17:34.725Z
0_1020_11_26.12,0,1020,11,46.61,0,11896,26.12,2026-06-29T10:17:34.725Z
0_1020_15_26.12,0,1020,15,46.54,0,20033,26.12,2026-06-29T10:17:34.725Z
0_1053_3_26.12,0,1053,3,52.97,0,3287,26.12,2026-06-29T10:17:34.725Z
0_1053_7_26.12,0,1053,7,52.37,0,12814,26.12,2026-06-29T10:17:34.725Z
0_1053_11_26.12,0,1053,11,52.1,0,18527,26.12,2026-06-29T10:17:34.725Z
0_1053_15_26.12,0,1053,15,51.47,0,24948,26.12,2026-06-29T10:17:34.725Z
0_2100_3_26.12,0,2100,3,50.74,0,74444,26.12,2026-06-29T10:17:34.725Z
0_2100_7_26.12,0,2100,7,50.11,0,75552,26.12,2026-06-29T10:17:34.725Z
0_2100_11_26.12,0,2100,11,50.76,0,87336,26.12,2026-06-29T10:17:34.725Z
0_2100_15_26.12,0,2100,15,49.52,0,74511,26.12,2026-06-29T10:17:34.725Z
0_2100_18_26.12,0,2100,18,52.33,0,86,26.12,2026-06-29T10:17:34.725Z
0_1098_3_26.12,0,1098,3,48.65,0,13842,26.12,2026-06-29T10:17:34.725Z
0_1098_7_26.12,0,1098,7,49.02,0,17562,26.12,2026-06-29T10:17:34.725Z
0_1098_11_26.12,0,1098,11,50.63,0,21328,26.12,2026-06-29T10:17:34.725Z
0_1098_15_26.12,0,1098,15,49.55,0,19754,26.12,2026-06-29T10:17:34.725Z
0_1087_3_26.12,0,1087,3,52.58,0,21493,26.12,2026-06-29T10:17:34.725Z
0_1087_7_26.12,0,1087,7,51.76,0,63852,26.12,2026-06-29T10:17:34.725Z
0_1087_11_26.12,0,1087,11,52,0,63558,26.12,2026-06-29T10:17:34.725Z
0_1087_15_26.12,0,1087,15,51,0,61316,26.12,2026-06-29T10:17:34.725Z
0_1237_3_26.12,0,1237,3,47.03,0,65091,26.12,2026-06-29T10:17:34.725Z
0_1237_7_26.12,0,1237,7,45.05,0,4264,26.12,2026-06-29T10:17:34.725Z
0_1237_11_26.12,0,1237,11,46.38,0,5895,26.12,2026-06-29T10:17:34.725Z
0_1237_15_26.12,0,1237,15,46.21,0,5665,26.12,2026-06-29T10:17:34.725Z
0_2111_3_26.12,0,2111,3,55.54,0,32436,26.12,2026-06-29T10:17:34.725Z
0_2111_7_26.12,0,2111,7,54.59,0,35534,26.12,2026-06-29T10:17:34.725Z
0_2111_11_26.12,0,2111,11,54.36,0,42739,26.12,2026-06-29T10:17:34.725Z
0_2111_15_26.12,0,2111,15,52.28,0,40596,26.12,2026-06-29T10:17:34.725Z
0_1044_3_26.12,0,1044,3,46.71,0,2415,26.12,2026-06-29T10:17:34.725Z
0_1044_7_26.12,0,1044,7,47.28,0,9759,26.12,2026-06-29T10:17:34.725Z
0_1044_11_26.12,0,1044,11,46.75,0,9165,26.12,2026-06-29T10:17:34.725Z
0_1044_15_26.12,0,1044,15,46.71,0,8873,26.12,2026-06-29T10:17:34.725Z
0_1170_3_26.12,0,1170,3,53.52,0,39669,26.12,2026-06-29T10:17:34.725Z
0_1170_7_26.12,0,1170,7,52.32,0,46521,26.12,2026-06-29T10:17:34.725Z
0_1170_11_26.12,0,1170,11,53.15,0,49118,26.12,2026-06-29T10:17:34.725Z
0_1170_15_26.12,0,1170,15,52.26,0,45203,26.12,2026-06-29T10:17:34.725Z
0_1170_18_26.12,0,1170,18,75.45,0,220,26.12,2026-06-29T10:17:34.725Z
0_1056_3_26.12,0,1056,3,58.96,0,63458,26.12,2026-06-29T10:17:34.725Z
0_1056_7_26.12,0,1056,7,57.76,0,72974,26.12,2026-06-29T10:17:34.725Z
0_1056_11_26.12,0,1056,11,57.68,0,73783,26.12,2026-06-29T10:17:34.725Z
0_1056_15_26.12,0,1056,15,56.24,0,66027,26.12,2026-06-29T10:17:34.725Z
0_1056_18_26.12,0,1056,18,72.96,0,233,26.12,2026-06-29T10:17:34.725Z
0_1048_3_26.12,0,1048,3,50.72,0,694,26.12,2026-06-29T10:17:34.725Z
0_1048_7_26.12,0,1048,7,50.15,0,2584,26.12,2026-06-29T10:17:34.725Z
0_1048_11_26.12,0,1048,11,49.81,0,3666,26.12,2026-06-29T10:17:34.725Z
0_1048_15_26.12,0,1048,15,50.93,0,4891,26.12,2026-06-29T10:17:34.725Z
0_1318_3_26.12,0,1318,3,46.31,0,4323,26.12,2026-06-29T10:17:34.725Z
0_1318_7_26.12,0,1318,7,46.33,0,7397,26.12,2026-06-29T10:17:34.725Z
0_1318_11_26.12,0,1318,11,48.82,0,14948,26.12,2026-06-29T10:17:34.725Z
0_1318_15_26.12,0,1318,15,50.3,0,19219,26.12,2026-06-29T10:17:34.725Z
0_1113_3_26.12,0,1113,3,50.73,0,70936,26.12,2026-06-29T10:17:34.725Z
0_1113_7_26.12,0,1113,7,48.73,0,73268,26.12,2026-06-29T10:17:34.725Z
0_1113_11_26.12,0,1113,11,50.46,0,91306,26.12,2026-06-29T10:17:34.725Z
0_1113_15_26.12,0,1113,15,47.64,0,66209,26.12,2026-06-29T10:17:34.725Z
0_1113_18_26.12,0,1113,18,55.74,0,61,26.12,2026-06-29T10:17:34.725Z
0_2076_3_26.12,0,2076,3,52.17,0,40470,26.12,2026-06-29T10:17:34.725Z
0_2076_7_26.12,0,2076,7,52.14,0,49646,26.12,2026-06-29T10:17:34.725Z
0_2076_11_26.12,0,2076,11,52.28,0,53652,26.12,2026-06-29T10:17:34.725Z
0_2076_15_26.12,0,2076,15,51.37,0,45809,26.12,2026-06-29T10:17:34.725Z
0_2076_18_26.12,0,2076,18,64.22,0,109,26.12,2026-06-29T10:17:34.725Z
0_1076_3_26.12,0,1076,3,61.81,0,42630,26.12,2026-06-29T10:17:34.725Z
0_1076_7_26.12,0,1076,7,60.78,0,130874,26.12,2026-06-29T10:17:34.725Z
0_1076_11_26.12,0,1076,11,59.88,0,117326,26.12,2026-06-29T10:17:34.725Z
0_1076_15_26.12,0,1076,15,56.81,0,103653,26.12,2026-06-29T10:17:34.725Z
0_1076_18_26.12,0,1076,18,63.24,0,136,26.12,2026-06-29T10:17:34.725Z
0_1105_3_26.12,0,1105,3,43.92,0,50365,26.12,2026-06-29T10:17:34.725Z
0_1105_7_26.12,0,1105,7,44.9,0,58559,26.12,2026-06-29T10:17:34.725Z
0_1105_11_26.12,0,1105,11,46.13,0,59774,26.12,2026-06-29T10:17:34.725Z
0_1105_15_26.12,0,1105,15,47.53,0,53559,26.12,2026-06-29T10:17:34.725Z
0_1105_18_26.12,0,1105,18,54.02,0,87,26.12,2026-06-29T10:17:34.725Z
0_1136_7_26.12,0,1136,7,55.19,0,1464,26.12,2026-06-29T10:17:34.725Z
0_1136_11_26.12,0,1136,11,49.23,0,41211,26.12,2026-06-29T10:17:34.725Z
0_1136_15_26.12,0,1136,15,48.73,0,50610,26.12,2026-06-29T10:17:34.725Z
0_1375_3_26.12,0,1375,3,52.73,0,27659,26.12,2026-06-29T10:17:34.725Z
0_1375_7_26.12,0,1375,7,51.02,0,79412,26.12,2026-06-29T10:17:34.725Z
0_1375_11_26.12,0,1375,11,51.69,0,70564,26.12,2026-06-29T10:17:34.725Z
0_1375_15_26.12,0,1375,15,49.66,0,61005,26.12,2026-06-29T10:17:34.725Z
0_1375_18_26.12,0,1375,18,64.29,0,70,26.12,2026-06-29T10:17:34.725Z
0_1129_3_26.12,0,1129,3,57.07,0,61874,26.12,2026-06-29T10:17:34.725Z
0_1129_7_26.12,0,1129,7,56.55,0,74070,26.12,2026-06-29T10:17:34.725Z
0_1129_11_26.12,0,1129,11,56.58,0,88874,26.12,2026-06-29T10:17:34.725Z
0_1129_15_26.12,0,1129,15,54.26,0,77224,26.12,2026-06-29T10:17:34.725Z
0_1129_18_26.12,0,1129,18,66.81,0,229,26.12,2026-06-29T10:17:34.725Z
0_1389_3_26.12,0,1389,3,48.03,0,28444,26.12,2026-06-29T10:17:34.725Z
0_1389_7_26.12,0,1389,7,47.37,0,42844,26.12,2026-06-29T10:17:34.725Z
0_1389_11_26.12,0,1389,11,48.55,0,56632,26.12,2026-06-29T10:17:34.725Z
0_1389_15_26.12,0,1389,15,47.75,0,54788,26.12,2026-06-29T10:17:34.725Z
0_1389_18_26.12,0,1389,18,73.35,0,349,26.12,2026-06-29T10:17:34.725Z
0_1373_3_26.12,0,1373,3,51.74,0,33386,26.12,2026-06-29T10:17:34.725Z
0_1373_7_26.12,0,1373,7,51.92,0,50907,26.12,2026-06-29T10:17:34.725Z
0_1373_11_26.12,0,1373,11,53.54,0,73798,26.12,2026-06-29T10:17:34.725Z
0_1373_15_26.12,0,1373,15,51.98,0,67588,26.12,2026-06-29T10:17:34.725Z
0_1373_18_26.12,0,1373,18,63.1,0,84,26.12,2026-06-29T10:17:34.725Z
0_1305_3_26.12,0,1305,3,48.9,0,15862,26.12,2026-06-29T10:17:34.725Z
0_1305_7_26.12,0,1305,7,49.12,0,48733,26.12,2026-06-29T10:17:34.725Z
0_1305_11_26.12,0,1305,11,50.01,0,45062,26.12,2026-06-29T10:17:34.725Z
0_1305_15_26.12,0,1305,15,49.84,0,43639,26.12,2026-06-29T10:17:34.725Z
0_1305_18_26.12,0,1305,18,49,0,100,26.12,2026-06-29T10:17:34.725Z
0_1058_3_26.12,0,1058,3,51.22,0,18607,26.12,2026-06-29T10:17:34.725Z
0_1058_7_26.12,0,1058,7,51.68,0,21588,26.12,2026-06-29T10:17:34.725Z
0_1058_11_26.12,0,1058,11,51.17,0,24362,26.12,2026-06-29T10:17:34.725Z
0_1058_15_26.12,0,1058,15,49.74,0,21473,26.12,2026-06-29T10:17:34.725Z
0_2083_3_26.12,0,2083,3,49.74,0,7720,26.12,2026-06-29T10:17:34.725Z
0_2083_7_26.12,0,2083,7,47.85,0,9507,26.12,2026-06-29T10:17:34.725Z
0_2083_11_26.12,0,2083,11,49.01,0,13482,26.12,2026-06-29T10:17:34.725Z
0_2083_15_26.12,0,2083,15,49.03,0,14011,26.12,2026-06-29T10:17:34.725Z
0_2083_18_26.12,0,2083,18,64.75,0,122,26.12,2026-06-29T10:17:34.725Z
0_1141_3_26.12,0,1141,3,50.47,0,55855,26.12,2026-06-29T10:17:34.725Z
0_1141_7_26.12,0,1141,7,49.13,0,67000,26.12,2026-06-29T10:17:34.725Z
0_1141_11_26.12,0,1141,11,50.54,0,83358,26.12,2026-06-29T10:17:34.725Z
0_1141_15_26.12,0,1141,15,49.73,0,69028,26.12,2026-06-29T10:17:34.725Z
0_1141_18_26.12,0,1141,18,68.07,0,379,26.12,2026-06-29T10:17:34.725Z
0_2087_3_26.12,0,2087,3,46.09,0,18938,26.12,2026-06-29T10:17:34.725Z
0_2087_7_26.12,0,2087,7,46.81,0,20150,26.12,2026-06-29T10:17:34.725Z
0_2087_11_26.12,0,2087,11,47.72,0,22031,26.12,2026-06-29T10:17:34.725Z
0_2087_15_26.12,0,2087,15,48,0,19936,26.12,2026-06-29T10:17:34.725Z
0_2087_18_26.12,0,2087,18,68.42,0,114,26.12,2026-06-29T10:17:34.725Z
0_1211_7_26.12,0,1211,7,51.05,0,16285,26.12,2026-06-29T10:17:34.725Z
0_1211_11_26.12,0,1211,11,50.76,0,30478,26.12,2026-06-29T10:17:34.725Z
0_1211_15_26.12,0,1211,15,51.44,0,43034,26.12,2026-06-29T10:17:34.725Z
0_1211_18_26.12,0,1211,18,59.62,0,52,26.12,2026-06-29T10:17:34.725Z
0_1028_3_26.12,0,1028,3,45.02,0,41729,26.12,2026-06-29T10:17:34.725Z
0_1028_7_26.12,0,1028,7,40.64,0,1218,26.12,2026-06-29T10:17:34.725Z
0_1028_11_26.12,0,1028,11,44.63,0,1470,26.12,2026-06-29T10:17:34.725Z
0_1028_15_26.12,0,1028,15,45.5,0,1490,26.12,2026-06-29T10:17:34.725Z
0_2031_3_26.12,0,2031,3,48.31,0,4829,26.12,2026-06-29T10:17:34.725Z
0_2031_7_26.12,0,2031,7,47.98,0,6759,26.12,2026-06-29T10:17:34.725Z
0_2031_11_26.12,0,2031,11,47.31,0,11062,26.12,2026-06-29T10:17:34.725Z
0_2031_15_26.12,0,2031,15,48.11,0,12275,26.12,2026-06-29T10:17:34.725Z
0_1060_3_26.12,0,1060,3,47.35,0,64496,26.12,2026-06-29T10:17:34.725Z
0_1060_7_26.12,0,1060,7,47.81,0,83813,26.12,2026-06-29T10:17:34.725Z
0_1060_11_26.12,0,1060,11,49.11,0,103875,26.12,2026-06-29T10:17:34.725Z
0_1060_15_26.12,0,1060,15,48.35,0,97149,26.12,2026-06-29T10:17:34.725Z
0_1060_18_26.12,0,1060,18,59.55,0,89,26.12,2026-06-29T10:17:34.725Z
0_1062_3_26.12,0,1062,3,50.59,0,1609,26.12,2026-06-29T10:17:34.725Z
0_1062_7_26.12,0,1062,7,48.31,0,6326,26.12,2026-06-29T10:17:34.725Z
0_1062_11_26.12,0,1062,11,48.86,0,9665,26.12,2026-06-29T10:17:34.725Z
0_1062_15_26.12,0,1062,15,49.7,0,13304,26.12,2026-06-29T10:17:34.725Z
0_1403_3_26.12,0,1403,3,49.21,0,13214,26.12,2026-06-29T10:17:34.725Z
0_1403_7_26.12,0,1403,7,49.04,0,19599,26.12,2026-06-29T10:17:34.725Z
0_1403_11_26.12,0,1403,11,48.67,0,26787,26.12,2026-06-29T10:17:34.725Z
0_1403_15_26.12,0,1403,15,47.86,0,26742,26.12,2026-06-29T10:17:34.725Z
0_1068_3_26.12,0,1068,3,44.11,0,1018,26.12,2026-06-29T10:17:34.725Z
0_1068_7_26.12,0,1068,7,43.83,0,1216,26.12,2026-06-29T10:17:34.725Z
0_1068_11_26.12,0,1068,11,45.52,0,2186,26.12,2026-06-29T10:17:34.725Z
0_1068_15_26.12,0,1068,15,46.99,0,2803,26.12,2026-06-29T10:17:34.725Z
0_1384_7_26.12,0,1384,7,50.51,0,17441,26.12,2026-06-29T10:17:34.725Z
0_1384_11_26.12,0,1384,11,51.52,0,32126,26.12,2026-06-29T10:17:34.725Z
0_1384_15_26.12,0,1384,15,50.77,0,42931,26.12,2026-06-29T10:17:34.725Z
0_1384_18_26.12,0,1384,18,63.64,0,55,26.12,2026-06-29T10:17:34.725Z
0_2103_3_26.12,0,2103,3,50.91,0,6604,26.12,2026-06-29T10:17:34.725Z
0_2103_7_26.12,0,2103,7,49.29,0,7399,26.12,2026-06-29T10:17:34.725Z
0_2103_11_26.12,0,2103,11,48.1,0,8061,26.12,2026-06-29T10:17:34.725Z
0_1063_3_26.12,0,1063,3,42.44,0,999,26.12,2026-06-29T10:17:34.725Z
0_1063_7_26.12,0,1063,7,43.38,0,2976,26.12,2026-06-29T10:17:34.725Z
0_1063_11_26.12,0,1063,11,45.66,0,4713,26.12,2026-06-29T10:17:34.725Z
0_1063_15_26.12,0,1063,15,48.55,0,6775,26.12,2026-06-29T10:17:34.725Z
0_1348_3_26.12,0,1348,3,45.75,0,23378,26.12,2026-06-29T10:17:34.725Z
0_1348_7_26.12,0,1348,7,44.8,0,24024,26.12,2026-06-29T10:17:34.725Z
0_1348_11_26.12,0,1348,11,45.9,0,23812,26.12,2026-06-29T10:17:34.725Z
0_1348_15_26.12,0,1348,15,45.25,0,19220,26.12,2026-06-29T10:17:34.725Z
0_1348_18_26.12,0,1348,18,66.87,0,163,26.12,2026-06-29T10:17:34.725Z
0_2009_3_26.12,0,2009,3,47.75,0,30848,26.12,2026-06-29T10:17:34.725Z
0_2009_7_26.12,0,2009,7,48.37,0,1040,26.12,2026-06-29T10:17:34.725Z
0_2009_11_26.12,0,2009,11,45.11,0,1268,26.12,2026-06-29T10:17:34.725Z
0_2009_15_26.12,0,2009,15,51.95,0,1357,26.12,2026-06-29T10:17:34.725Z
0_2004_3_26.12,0,2004,3,52.7,0,8619,26.12,2026-06-29T10:17:34.725Z
0_2004_7_26.12,0,2004,7,47.75,0,11421,26.12,2026-06-29T10:17:34.725Z
0_1038_3_26.12,0,1038,3,53.55,0,14301,26.12,2026-06-29T10:17:34.725Z
0_1038_7_26.12,0,1038,7,53.85,0,48656,26.12,2026-06-29T10:17:34.725Z
0_1038_11_26.12,0,1038,11,53.34,0,40896,26.12,2026-06-29T10:17:34.725Z
0_1038_15_26.12,0,1038,15,51.38,0,33200,26.12,2026-06-29T10:17:34.725Z
0_1206_3_26.12,0,1206,3,48.57,0,4186,26.12,2026-06-29T10:17:34.725Z
0_1206_7_26.12,0,1206,7,49.45,0,14216,26.12,2026-06-29T10:17:34.725Z
0_1206_11_26.12,0,1206,11,50.48,0,19131,26.12,2026-06-29T10:17:34.725Z
0_1206_15_26.12,0,1206,15,50.24,0,25173,26.12,2026-06-29T10:17:34.725Z
0_1311_3_26.12,0,1311,3,45.84,0,4858,26.12,2026-06-29T10:17:34.725Z
0_1311_7_26.12,0,1311,7,45.92,0,8473,26.12,2026-06-29T10:17:34.725Z
0_1311_11_26.12,0,1311,11,48.28,0,15626,26.12,2026-06-29T10:17:34.725Z
0_1311_15_26.12,0,1311,15,48.45,0,22824,26.12,2026-06-29T10:17:34.725Z
0_1996_3_26.12,0,1996,3,54.08,0,88945,26.12,2026-06-29T10:17:34.725Z
0_1996_7_26.12,0,1996,7,48.65,0,2370,26.12,2026-06-29T10:17:34.725Z
0_1996_11_26.12,0,1996,11,50.85,0,3638,26.12,2026-06-29T10:17:34.725Z
0_1996_15_26.12,0,1996,15,49.09,0,4569,26.12,2026-06-29T10:17:34.725Z
0_1401_3_26.12,0,1401,3,53.07,0,29765,26.12,2026-06-29T10:17:34.725Z
0_1401_7_26.12,0,1401,7,52.17,0,88854,26.12,2026-06-29T10:17:34.725Z
0_1401_11_26.12,0,1401,11,51.89,0,80722,26.12,2026-06-29T10:17:34.725Z
0_1401_15_26.12,0,1401,15,47.71,0,459,26.12,2026-06-29T10:17:34.725Z
0_1308_3_26.12,0,1308,3,49.42,0,32468,26.12,2026-06-29T10:17:34.725Z
0_1308_7_26.12,0,1308,7,50.27,0,40691,26.12,2026-06-29T10:17:34.725Z
0_1308_11_26.12,0,1308,11,50.71,0,44571,26.12,2026-06-29T10:17:34.725Z
0_1308_15_26.12,0,1308,15,44.86,0,185,26.12,2026-06-29T10:17:34.725Z
0_1047_3_26.12,0,1047,3,58.02,0,29607,26.12,2026-06-29T10:17:34.725Z
0_1047_7_26.12,0,1047,7,56.63,0,88640,26.12,2026-06-29T10:17:34.725Z
0_1047_11_26.12,0,1047,11,55.45,0,85509,26.12,2026-06-29T10:17:34.725Z
0_1047_15_26.12,0,1047,15,53.71,0,82087,26.12,2026-06-29T10:17:34.725Z
0_1315_3_26.12,0,1315,3,51.25,0,5003,26.12,2026-06-29T10:17:34.725Z
0_1315_7_26.12,0,1315,7,50.9,0,16624,26.12,2026-06-29T10:17:34.725Z
0_1315_11_26.12,0,1315,11,51.71,0,21904,26.12,2026-06-29T10:17:34.725Z
0_1315_15_26.12,0,1315,15,51.86,0,26922,26.12,2026-06-29T10:17:34.725Z
0_2129_3_26.12,0,2129,3,48.51,0,1542,26.12,2026-06-29T10:17:34.725Z
0_2129_7_26.12,0,2129,7,50.18,0,6839,26.12,2026-06-29T10:17:34.725Z
0_2129_11_26.12,0,2129,11,51.05,0,10474,26.12,2026-06-29T10:17:34.725Z
0_2129_15_26.12,0,2129,15,50.88,0,14878,26.12,2026-06-29T10:17:34.725Z
0_1337_3_26.12,0,1337,3,52.25,0,4230,26.12,2026-06-29T10:17:34.725Z
0_1337_7_26.12,0,1337,7,49.46,0,5556,26.12,2026-06-29T10:17:34.725Z
0_1337_11_26.12,0,1337,11,48.97,0,7249,26.12,2026-06-29T10:17:34.725Z
0_1337_15_26.12,0,1337,15,49.47,0,7178,26.12,2026-06-29T10:17:34.725Z
0_1073_3_26.12,0,1073,3,57.54,0,66038,26.12,2026-06-29T10:17:34.725Z
0_1073_7_26.12,0,1073,7,56.78,0,74465,26.12,2026-06-29T10:17:34.725Z
0_1073_11_26.12,0,1073,11,58.68,0,89676,26.12,2026-06-29T10:17:34.725Z
0_1073_15_26.12,0,1073,15,56.97,0,81046,26.12,2026-06-29T10:17:34.725Z
0_1073_18_26.12,0,1073,18,63.5,0,274,26.12,2026-06-29T10:17:34.725Z
0_1018_3_26.12,0,1018,3,53.76,0,9938,26.12,2026-06-29T10:17:34.725Z
0_1018_7_26.12,0,1018,7,53.05,0,32647,26.12,2026-06-29T10:17:34.725Z
0_1018_11_26.12,0,1018,11,52.91,0,29183,26.12,2026-06-29T10:17:34.725Z
0_1018_15_26.12,0,1018,15,50.95,0,23682,26.12,2026-06-29T10:17:34.725Z
0_2018_3_26.12,0,2018,3,46.22,0,3793,26.12,2026-06-29T10:17:34.725Z
0_2018_7_26.12,0,2018,7,46.25,0,6718,26.12,2026-06-29T10:17:34.725Z
0_2018_11_26.12,0,2018,11,49.43,0,13693,26.12,2026-06-29T10:17:34.725Z
0_2018_15_26.12,0,2018,15,50.73,0,21157,26.12,2026-06-29T10:17:34.725Z
0_1088_3_26.12,0,1088,3,46.78,0,4857,26.12,2026-06-29T10:17:34.725Z
0_1088_7_26.12,0,1088,7,46.19,0,7679,26.12,2026-06-29T10:17:34.725Z
0_1088_11_26.12,0,1088,11,47.59,0,14051,26.12,2026-06-29T10:17:34.725Z
0_1088_15_26.12,0,1088,15,47.04,0,18082,26.12,2026-06-29T10:17:34.725Z
0_1205_3_26.12,0,1205,3,49.92,0,17509,26.12,2026-06-29T10:17:34.725Z
0_1205_7_26.12,0,1205,7,47.6,0,1271,26.12,2026-06-29T10:17:34.725Z
0_1205_11_26.12,0,1205,11,46.81,0,1519,26.12,2026-06-29T10:17:34.725Z
0_1205_15_26.12,0,1205,15,47.84,0,1994,26.12,2026-06-29T10:17:34.725Z
0_2073_3_26.12,0,2073,3,44.67,0,5247,26.12,2026-06-29T10:17:34.725Z
0_2073_7_26.12,0,2073,7,46.08,0,7205,26.12,2026-06-29T10:17:34.725Z
0_2073_11_26.12,0,2073,11,46.62,0,12618,26.12,2026-06-29T10:17:34.725Z
0_2073_15_26.12,0,2073,15,46.9,0,15700,26.12,2026-06-29T10:17:34.725Z
0_1322_3_26.12,0,1322,3,52.42,0,78017,26.12,2026-06-29T10:17:34.725Z
0_1322_7_26.12,0,1322,7,50.3,0,66624,26.12,2026-06-29T10:17:34.725Z
0_1322_11_26.12,0,1322,11,39.53,0,382,26.12,2026-06-29T10:17:34.725Z
0_1322_15_26.12,0,1322,15,40.68,0,263,26.12,2026-06-29T10:17:34.725Z
0_1026_3_26.12,0,1026,3,56.4,0,58104,26.12,2026-06-29T10:17:34.725Z
0_1026_7_26.12,0,1026,7,55.94,0,73616,26.12,2026-06-29T10:17:34.725Z
0_1026_11_26.12,0,1026,11,55.85,0,83143,26.12,2026-06-29T10:17:34.725Z
0_1026_15_26.12,0,1026,15,54.06,0,79377,26.12,2026-06-29T10:17:34.725Z
0_1026_18_26.12,0,1026,18,68.97,0,232,26.12,2026-06-29T10:17:34.725Z
0_1416_3_26.12,0,1416,3,50.39,0,4888,26.12,2026-06-29T10:17:34.725Z
0_1416_7_26.12,0,1416,7,50.57,0,18480,26.12,2026-06-29T10:17:34.725Z
0_1416_11_26.12,0,1416,11,51.98,0,28048,26.12,2026-06-29T10:17:34.725Z
0_1416_15_26.12,0,1416,15,52.28,0,37224,26.12,2026-06-29T10:17:34.725Z
0_1331_3_26.12,0,1331,3,46.65,0,1269,26.12,2026-06-29T10:17:34.725Z
0_1331_7_26.12,0,1331,7,47.65,0,1996,26.12,2026-06-29T10:17:34.725Z
0_1331_11_26.12,0,1331,11,48.53,0,3956,26.12,2026-06-29T10:17:34.725Z
0_1331_15_26.12,0,1331,15,51.76,0,5782,26.12,2026-06-29T10:17:34.725Z
0_1046_3_26.12,0,1046,3,60.99,0,122036,26.12,2026-06-29T10:17:34.725Z
0_1046_7_26.12,0,1046,7,56.51,0,121477,26.12,2026-06-29T10:17:34.725Z
0_1046_11_26.12,0,1046,11,42.67,0,300,26.12,2026-06-29T10:17:34.725Z
0_1046_15_26.12,0,1046,15,38.36,0,219,26.12,2026-06-29T10:17:34.725Z
0_1243_3_26.12,0,1243,3,54.36,0,234860,26.12,2026-06-29T10:17:34.725Z
0_1243_7_26.12,0,1243,7,47,0,9378,26.12,2026-06-29T10:17:34.725Z
0_1243_11_26.12,0,1243,11,48.89,0,15599,26.12,2026-06-29T10:17:34.725Z
0_1243_15_26.12,0,1243,15,49.28,0,19159,26.12,2026-06-29T10:17:34.725Z
0_1092_3_26.12,0,1092,3,50.57,0,29721,26.12,2026-06-29T10:17:34.725Z
0_1092_7_26.12,0,1092,7,50.37,0,48616,26.12,2026-06-29T10:17:34.725Z
0_1092_11_26.12,0,1092,11,52.52,0,67417,26.12,2026-06-29T10:17:34.725Z
0_1092_15_26.12,0,1092,15,51.61,0,64132,26.12,2026-06-29T10:17:34.725Z
0_1092_18_26.12,0,1092,18,60.71,0,56,26.12,2026-06-29T10:17:34.725Z
0_2144_3_26.12,0,2144,3,45.41,0,24450,26.12,2026-06-29T10:17:34.725Z
0_2144_7_26.12,0,2144,7,45.55,0,25300,26.12,2026-06-29T10:17:34.725Z
0_2144_11_26.12,0,2144,11,47.56,0,30120,26.12,2026-06-29T10:17:34.725Z
0_2144_15_26.12,0,2144,15,47.17,0,27037,26.12,2026-06-29T10:17:34.725Z
0_2144_18_26.12,0,2144,18,63.95,0,147,26.12,2026-06-29T10:17:34.725Z
0_1332_3_26.12,0,1332,3,48.31,0,17318,26.12,2026-06-29T10:17:34.725Z
0_1332_7_26.12,0,1332,7,46.68,0,21720,26.12,2026-06-29T10:17:34.725Z
0_1332_11_26.12,0,1332,11,47.02,0,25044,26.12,2026-06-29T10:17:34.725Z
0_1332_15_26.12,0,1332,15,45.96,0,24261,26.12,2026-06-29T10:17:34.725Z
0_1332_18_26.12,0,1332,18,71.18,0,229,26.12,2026-06-29T10:17:34.725Z
0_2128_3_26.12,0,2128,3,64.34,0,20702,26.12,2026-06-29T10:17:34.725Z
0_2128_7_26.12,0,2128,7,61.27,0,21543,26.12,2026-06-29T10:17:34.725Z
0_2128_11_26.12,0,2128,11,59.34,0,21358,26.12,2026-06-29T10:17:34.725Z
0_2128_15_26.12,0,2128,15,56.26,0,19429,26.12,2026-06-29T10:17:34.725Z
0_2128_18_26.12,0,2128,18,83.33,0,78,26.12,2026-06-29T10:17:34.725Z
0_1103_3_26.12,0,1103,3,51.52,0,43748,26.12,2026-06-29T10:17:34.725Z
0_1103_7_26.12,0,1103,7,51.2,0,43420,26.12,2026-06-29T10:17:34.725Z
0_1103_11_26.12,0,1103,11,51.9,0,44948,26.12,2026-06-29T10:17:34.725Z
0_1103_15_26.12,0,1103,15,50.91,0,38436,26.12,2026-06-29T10:17:34.725Z
0_1103_18_26.12,0,1103,18,69.67,0,211,26.12,2026-06-29T10:17:34.725Z
0_1349_3_26.12,0,1349,3,54.87,0,45534,26.12,2026-06-29T10:17:34.725Z
0_1349_7_26.12,0,1349,7,53.8,0,50668,26.12,2026-06-29T10:17:34.725Z
0_1349_11_26.12,0,1349,11,54.4,0,51176,26.12,2026-06-29T10:17:34.725Z
0_1349_15_26.12,0,1349,15,54.04,0,46022,26.12,2026-06-29T10:17:34.725Z
0_1349_18_26.12,0,1349,18,65.26,0,213,26.12,2026-06-29T10:17:34.725Z
0_1323_3_26.12,0,1323,3,58.97,0,93384,26.12,2026-06-29T10:17:34.725Z
0_1323_7_26.12,0,1323,7,58.38,0,85705,26.12,2026-06-29T10:17:34.725Z
0_1323_11_26.12,0,1323,11,56.89,0,83967,26.12,2026-06-29T10:17:34.725Z
0_1323_15_26.12,0,1323,15,55.03,0,79684,26.12,2026-06-29T10:17:34.725Z
0_1323_18_26.12,0,1323,18,66.04,0,53,26.12,2026-06-29T10:17:34.725Z
0_1084_3_26.12,0,1084,3,47.14,0,995,26.12,2026-06-29T10:17:34.725Z
0_1084_7_26.12,0,1084,7,47.42,0,4074,26.12,2026-06-29T10:17:34.725Z
0_1084_11_26.12,0,1084,11,48.71,0,6337,26.12,2026-06-29T10:17:34.725Z
0_1084_15_26.12,0,1084,15,47.86,0,8758,26.12,2026-06-29T10:17:34.725Z
0_2123_3_26.12,0,2123,3,50.29,0,515,26.12,2026-06-29T10:17:34.725Z
0_2123_7_26.12,0,2123,7,53.32,0,844,26.12,2026-06-29T10:17:34.725Z
0_2123_11_26.12,0,2123,11,47.33,0,1407,26.12,2026-06-29T10:17:34.725Z
0_2123_15_26.12,0,2123,15,49.37,0,1673,26.12,2026-06-29T10:17:34.725Z
0_2125_3_26.12,0,2125,3,51.34,0,37877,26.12,2026-06-29T10:17:34.725Z
0_2125_7_26.12,0,2125,7,51.09,0,779,26.12,2026-06-29T10:17:34.725Z
0_2125_11_26.12,0,2125,11,49.63,0,1201,26.12,2026-06-29T10:17:34.725Z
0_2125_15_26.12,0,2125,15,47.38,0,1509,26.12,2026-06-29T10:17:34.725Z
0_2131_3_26.12,0,2131,3,48.47,0,5344,26.12,2026-06-29T10:17:34.725Z
0_2131_7_26.12,0,2131,7,49.1,0,10241,26.12,2026-06-29T10:17:34.725Z
0_2131_11_26.12,0,2131,11,50.49,0,20991,26.12,2026-06-29T10:17:34.725Z
0_2131_15_26.12,0,2131,15,50.73,0,30000,26.12,2026-06-29T10:17:34.725Z
0_1335_3_26.12,0,1335,3,48.37,0,34275,26.12,2026-06-29T10:17:34.725Z
0_1335_7_26.12,0,1335,7,50.07,0,47401,26.12,2026-06-29T10:17:34.725Z
0_1335_11_26.12,0,1335,11,52.81,0,69949,26.12,2026-06-29T10:17:34.725Z
0_1335_15_26.12,0,1335,15,52.49,0,67658,26.12,2026-06-29T10:17:34.725Z
0_1335_18_26.12,0,1335,18,66.67,0,60,26.12,2026-06-29T10:17:34.725Z
0_2119_3_26.12,0,2119,3,54.51,0,30179,26.12,2026-06-29T10:17:34.725Z
0_2119_7_26.12,0,2119,7,53.95,0,95645,26.12,2026-06-29T10:17:34.725Z
0_2119_11_26.12,0,2119,11,54.1,0,96024,26.12,2026-06-29T10:17:34.725Z
0_2119_15_26.12,0,2119,15,52.74,0,97326,26.12,2026-06-29T10:17:34.725Z
0_2119_18_26.12,0,2119,18,56.73,0,104,26.12,2026-06-29T10:17:34.725Z
0_1214_3_26.12,0,1214,3,50.24,0,7588,26.12,2026-06-29T10:17:34.725Z
0_1214_7_26.12,0,1214,7,49.93,0,27138,26.12,2026-06-29T10:17:34.725Z
0_1214_11_26.12,0,1214,11,49.73,0,23443,26.12,2026-06-29T10:17:34.725Z
0_1214_15_26.12,0,1214,15,48.75,0,20557,26.12,2026-06-29T10:17:34.725Z
0_1151_3_26.12,0,1151,3,48.35,0,11515,26.12,2026-06-29T10:17:34.725Z
0_1151_7_26.12,0,1151,7,47.51,0,13963,26.12,2026-06-29T10:17:34.725Z
0_1151_11_26.12,0,1151,11,47.71,0,15562,26.12,2026-06-29T10:17:34.725Z
0_1151_15_26.12,0,1151,15,47.03,0,13720,26.12,2026-06-29T10:17:34.725Z
0_1015_3_26.12,0,1015,3,53.57,0,3791,26.12,2026-06-29T10:17:34.725Z
0_1015_7_26.12,0,1015,7,53.68,0,14949,26.12,2026-06-29T10:17:34.725Z
0_1015_11_26.12,0,1015,11,53.39,0,24343,26.12,2026-06-29T10:17:34.725Z
0_1015_15_26.12,0,1015,15,53.91,0,34423,26.12,2026-06-29T10:17:34.725Z
0_1154_3_26.12,0,1154,3,54.66,0,42286,26.12,2026-06-29T10:17:34.725Z
0_1154_7_26.12,0,1154,7,52.37,0,113774,26.12,2026-06-29T10:17:34.725Z
0_1154_11_26.12,0,1154,11,50.89,0,97190,26.12,2026-06-29T10:17:34.725Z
0_1154_15_26.12,0,1154,15,46.26,0,508,26.12,2026-06-29T10:17:34.725Z
0_1116_3_26.12,0,1116,3,43.18,0,13885,26.12,2026-06-29T10:17:34.725Z
0_1116_7_26.12,0,1116,7,43.78,0,18132,26.12,2026-06-29T10:17:34.725Z
0_1116_11_26.12,0,1116,11,45.04,0,25571,26.12,2026-06-29T10:17:34.725Z
0_1116_15_26.12,0,1116,15,44.97,0,24865,26.12,2026-06-29T10:17:34.725Z
0_1116_18_26.12,0,1116,18,71.43,0,294,26.12,2026-06-29T10:17:34.725Z
0_1301_3_26.12,0,1301,3,46.35,0,100542,26.12,2026-06-29T10:17:34.725Z
0_1301_7_26.12,0,1301,7,44.52,0,5424,26.12,2026-06-29T10:17:34.725Z
0_1301_11_26.12,0,1301,11,34.72,0,72,26.12,2026-06-29T10:17:34.725Z
0_1150_7_26.12,0,1150,7,67.31,0,52,26.12,2026-06-29T10:17:34.725Z
0_1150_11_26.12,0,1150,11,69.16,0,509,26.12,2026-06-29T10:17:34.725Z
0_1150_15_26.12,0,1150,15,52.26,0,13534,26.12,2026-06-29T10:17:34.725Z
0_1150_18_26.12,0,1150,18,71.43,0,126,26.12,2026-06-29T10:17:34.725Z
0_1404_3_26.12,0,1404,3,46.39,0,1095,26.12,2026-06-29T10:17:34.725Z
0_1404_7_26.12,0,1404,7,47.59,0,1431,26.12,2026-06-29T10:17:34.725Z
0_1404_11_26.12,0,1404,11,46.88,0,2161,26.12,2026-06-29T10:17:34.725Z
0_1404_15_26.12,0,1404,15,46.74,0,2422,26.12,2026-06-29T10:17:34.725Z
0_1061_7_26.12,0,1061,7,55.86,0,1656,26.12,2026-06-29T10:17:34.725Z
0_1061_11_26.12,0,1061,11,48.98,0,49286,26.12,2026-06-29T10:17:34.725Z
0_1061_15_26.12,0,1061,15,49.07,0,59471,26.12,2026-06-29T10:17:34.725Z
0_1061_18_26.12,0,1061,18,59.26,0,54,26.12,2026-06-29T10:17:34.725Z
0_2098_3_26.12,0,2098,3,54.85,0,105096,26.12,2026-06-29T10:17:34.725Z
0_2098_7_26.12,0,2098,7,54.09,0,107507,26.12,2026-06-29T10:17:34.725Z
0_2098_11_26.12,0,2098,11,53.88,0,111656,26.12,2026-06-29T10:17:34.725Z
0_2098_15_26.12,0,2098,15,53.79,0,110565,26.12,2026-06-29T10:17:34.725Z
0_2098_18_26.12,0,2098,18,67.95,0,78,26.12,2026-06-29T10:17:34.725Z
0_1054_3_26.12,0,1054,3,58.1,0,177388,26.12,2026-06-29T10:17:34.725Z
0_1054_7_26.12,0,1054,7,56.7,0,162981,26.12,2026-06-29T10:17:34.725Z
0_1054_11_26.12,0,1054,11,55.62,0,157894,26.12,2026-06-29T10:17:34.725Z
0_1054_15_26.12,0,1054,15,46.63,0,549,26.12,2026-06-29T10:17:34.725Z
0_1072_3_26.12,0,1072,3,49.67,0,20920,26.12,2026-06-29T10:17:34.725Z
0_1072_7_26.12,0,1072,7,48.99,0,19231,26.12,2026-06-29T10:17:34.725Z
0_1072_11_26.12,0,1072,11,48.4,0,18833,26.12,2026-06-29T10:17:34.725Z
0_1072_15_26.12,0,1072,15,47.92,0,16384,26.12,2026-06-29T10:17:34.725Z
0_2133_3_26.12,0,2133,3,51.74,0,11418,26.12,2026-06-29T10:17:34.725Z
0_2133_7_26.12,0,2133,7,51.5,0,32494,26.12,2026-06-29T10:17:34.725Z
0_2133_11_26.12,0,2133,11,50.18,0,30699,26.12,2026-06-29T10:17:34.725Z
0_2133_15_26.12,0,2133,15,49.61,0,28493,26.12,2026-06-29T10:17:34.725Z
0_1104_3_26.12,0,1104,3,50.19,0,109917,26.12,2026-06-29T10:17:34.725Z
0_1104_7_26.12,0,1104,7,45.84,0,7460,26.12,2026-06-29T10:17:34.725Z
0_1104_11_26.12,0,1104,11,46.45,0,10145,26.12,2026-06-29T10:17:34.725Z
0_1104_15_26.12,0,1104,15,47.16,0,9843,26.12,2026-06-29T10:17:34.725Z
0_2137_3_26.12,0,2137,3,51.71,0,26060,26.12,2026-06-29T10:17:34.725Z
0_2137_7_26.12,0,2137,7,50.67,0,32324,26.12,2026-06-29T10:17:34.725Z
0_2137_11_26.12,0,2137,11,47.52,0,141,26.12,2026-06-29T10:17:34.725Z
0_2137_15_26.12,0,2137,15,53.98,0,113,26.12,2026-06-29T10:17:34.725Z
0_1057_3_26.12,0,1057,3,46.56,0,3608,26.12,2026-06-29T10:17:34.725Z
0_1057_7_26.12,0,1057,7,46.72,0,6942,26.12,2026-06-29T10:17:34.725Z
0_1057_11_26.12,0,1057,11,48.95,0,14228,26.12,2026-06-29T10:17:34.725Z
0_1057_15_26.12,0,1057,15,48.93,0,18663,26.12,2026-06-29T10:17:34.725Z
0_1194_3_26.12,0,1194,3,50.65,0,13362,26.12,2026-06-29T10:17:34.725Z
0_1194_7_26.12,0,1194,7,48.62,0,909,26.12,2026-06-29T10:17:34.725Z
0_1194_11_26.12,0,1194,11,51.2,0,1168,26.12,2026-06-29T10:17:34.725Z
0_1194_15_26.12,0,1194,15,50.31,0,1777,26.12,2026-06-29T10:17:34.725Z
0_1034_3_26.12,0,1034,3,55.38,0,279987,26.12,2026-06-29T10:17:34.725Z
0_1034_7_26.12,0,1034,7,46.35,0,6531,26.12,2026-06-29T10:17:34.725Z
0_1034_11_26.12,0,1034,11,47.26,0,804,26.12,2026-06-29T10:17:34.725Z
0_1034_15_26.12,0,1034,15,44.57,0,359,26.12,2026-06-29T10:17:34.725Z
0_1379_3_26.12,0,1379,3,48.76,0,13147,26.12,2026-06-29T10:17:34.725Z
0_1379_7_26.12,0,1379,7,48.93,0,17187,26.12,2026-06-29T10:17:34.725Z
0_1379_11_26.12,0,1379,11,48.83,0,18604,26.12,2026-06-29T10:17:34.725Z
0_1379_15_26.12,0,1379,15,48.46,0,17694,26.12,2026-06-29T10:17:34.725Z
0_1379_18_26.12,0,1379,18,70.55,0,163,26.12,2026-06-29T10:17:34.725Z
0_1402_3_26.12,0,1402,3,46.33,0,16666,26.12,2026-06-29T10:17:34.725Z
0_1402_7_26.12,0,1402,7,46.34,0,26442,26.12,2026-06-29T10:17:34.725Z
0_1402_11_26.12,0,1402,11,47.25,0,33959,26.12,2026-06-29T10:17:34.725Z
0_1402_15_26.12,0,1402,15,47.22,0,34623,26.12,2026-06-29T10:17:34.725Z
0_1329_7_26.12,0,1329,7,45.1,0,4718,26.12,2026-06-29T10:17:34.725Z
0_1329_11_26.12,0,1329,11,49.62,0,8095,26.12,2026-06-29T10:17:34.725Z
0_1329_15_26.12,0,1329,15,54.24,0,10004,26.12,2026-06-29T10:17:34.725Z
0_1329_18_26.12,0,1329,18,72.41,0,87,26.12,2026-06-29T10:17:34.725Z
0_2136_3_26.12,0,2136,3,53.94,0,254401,26.12,2026-06-29T10:17:34.725Z
0_2136_7_26.12,0,2136,7,45.23,0,6032,26.12,2026-06-29T10:17:34.725Z
0_2136_11_26.12,0,2136,11,45.72,0,584,26.12,2026-06-29T10:17:34.725Z
0_2136_15_26.12,0,2136,15,50.18,0,275,26.12,2026-06-29T10:17:34.725Z
0_1324_3_26.12,0,1324,3,46.41,0,5949,26.12,2026-06-29T10:17:34.725Z
0_1324_7_26.12,0,1324,7,47.66,0,18313,26.12,2026-06-29T10:17:34.725Z
0_1324_11_26.12,0,1324,11,47.59,0,18438,26.12,2026-06-29T10:17:34.725Z
0_1324_15_26.12,0,1324,15,47.22,0,18505,26.12,2026-06-29T10:17:34.725Z
0_1002_3_26.12,0,1002,3,50.84,0,2563,26.12,2026-06-29T10:17:34.725Z
0_1002_7_26.12,0,1002,7,51.2,0,9652,26.12,2026-06-29T10:17:34.725Z
0_1002_11_26.12,0,1002,11,50.79,0,13317,26.12,2026-06-29T10:17:34.725Z
0_1002_15_26.12,0,1002,15,50.2,0,16992,26.12,2026-06-29T10:17:34.725Z
0_1079_3_26.12,0,1079,3,53.71,0,104284,26.12,2026-06-29T10:17:34.725Z
0_1079_7_26.12,0,1079,7,53.95,0,121945,26.12,2026-06-29T10:17:34.725Z
0_1079_11_26.12,0,1079,11,55.92,0,154286,26.12,2026-06-29T10:17:34.725Z
0_1079_15_26.12,0,1079,15,54.47,0,138140,26.12,2026-06-29T10:17:34.725Z
0_1079_18_26.12,0,1079,18,62.43,0,181,26.12,2026-06-29T10:17:34.725Z
0_1067_3_26.12,0,1067,3,58.3,0,19665,26.12,2026-06-29T10:17:34.725Z
0_1067_7_26.12,0,1067,7,55.78,0,58642,26.12,2026-06-29T10:17:34.725Z
0_1067_11_26.12,0,1067,11,55.14,0,48573,26.12,2026-06-29T10:17:34.725Z
0_1067_15_26.12,0,1067,15,47.79,0,226,26.12,2026-06-29T10:17:34.725Z
0_1112_3_26.12,0,1112,3,53.35,0,3976,26.12,2026-06-29T10:17:34.725Z
0_1112_7_26.12,0,1112,7,52.69,0,5811,26.12,2026-06-29T10:17:34.725Z
0_1112_11_26.12,0,1112,11,53.99,0,9728,26.12,2026-06-29T10:17:34.725Z
0_1112_15_26.12,0,1112,15,53.79,0,10779,26.12,2026-06-29T10:17:34.725Z
0_1112_18_26.12,0,1112,18,66.95,0,118,26.12,2026-06-29T10:17:34.725Z
0_2024_7_26.12,0,2024,7,56.77,0,1175,26.12,2026-06-29T10:17:34.725Z
0_2024_11_26.12,0,2024,11,48.35,0,37960,26.12,2026-06-29T10:17:34.725Z
0_2024_15_26.12,0,2024,15,49.09,0,46938,26.12,2026-06-29T10:17:34.725Z
0_1149_3_26.12,0,1149,3,50.02,0,22460,26.12,2026-06-29T10:17:34.725Z
0_1149_7_26.12,0,1149,7,48.88,0,24794,26.12,2026-06-29T10:17:34.725Z
0_1149_11_26.12,0,1149,11,48.58,0,28718,26.12,2026-06-29T10:17:34.725Z
0_1149_15_26.12,0,1149,15,48.25,0,25599,26.12,2026-06-29T10:17:34.725Z
0_1149_18_26.12,0,1149,18,74.04,0,208,26.12,2026-06-29T10:17:34.725Z
0_1413_3_26.12,0,1413,3,55.41,0,66399,26.12,2026-06-29T10:17:34.725Z
0_1413_7_26.12,0,1413,7,54.35,0,76429,26.12,2026-06-29T10:17:34.725Z
0_1413_11_26.12,0,1413,11,54.77,0,78608,26.12,2026-06-29T10:17:34.725Z
0_1413_15_26.12,0,1413,15,54.12,0,71154,26.12,2026-06-29T10:17:34.725Z
0_1413_18_26.12,0,1413,18,66.84,0,190,26.12,2026-06-29T10:17:34.725Z
0_1019_3_26.12,0,1019,3,46.63,0,8563,26.12,2026-06-29T10:17:34.725Z
0_1019_7_26.12,0,1019,7,45.84,0,10851,26.12,2026-06-29T10:17:34.725Z
0_1019_11_26.12,0,1019,11,46.21,0,12610,26.12,2026-06-29T10:17:34.725Z
0_1019_15_26.12,0,1019,15,46.06,0,11727,26.12,2026-06-29T10:17:34.725Z
0_1019_18_26.12,0,1019,18,70,0,130,26.12,2026-06-29T10:17:34.725Z
0_1025_3_26.12,0,1025,3,45.49,0,3436,26.12,2026-06-29T10:17:34.725Z
0_1025_7_26.12,0,1025,7,46.39,0,9562,26.12,2026-06-29T10:17:34.725Z
0_1025_11_26.12,0,1025,11,46.85,0,12501,26.12,2026-06-29T10:17:34.725Z
0_1025_15_26.12,0,1025,15,47.36,0,15031,26.12,2026-06-29T10:17:34.725Z
0_1187_3_26.12,0,1187,3,51.02,0,11194,26.12,2026-06-29T10:17:34.725Z
0_1187_7_26.12,0,1187,7,51.27,0,33616,26.12,2026-06-29T10:17:34.725Z
0_1187_11_26.12,0,1187,11,51.84,0,44538,26.12,2026-06-29T10:17:34.725Z
0_1187_15_26.12,0,1187,15,51.64,0,56481,26.12,2026-06-29T10:17:34.725Z
0_1187_18_26.12,0,1187,18,51.49,0,235,26.12,2026-06-29T10:17:34.725Z
0_2065_3_26.12,0,2065,3,44.46,0,12297,26.12,2026-06-29T10:17:34.725Z
0_2065_7_26.12,0,2065,7,44.77,0,15015,26.12,2026-06-29T10:17:34.725Z
0_2065_11_26.12,0,2065,11,47.47,0,16316,26.12,2026-06-29T10:17:34.725Z
0_2065_15_26.12,0,2065,15,49.4,0,13174,26.12,2026-06-29T10:17:34.725Z
0_2054_3_26.12,0,2054,3,46.89,0,18255,26.12,2026-06-29T10:17:34.725Z
0_2054_7_26.12,0,2054,7,47.01,0,29805,26.12,2026-06-29T10:17:34.725Z
0_2054_11_26.12,0,2054,11,48.59,0,43652,26.12,2026-06-29T10:17:34.725Z
0_2054_15_26.12,0,2054,15,46.8,0,38746,26.12,2026-06-29T10:17:34.725Z
0_1036_3_26.12,0,1036,3,51.64,0,4165,26.12,2026-06-29T10:17:34.725Z
0_1036_7_26.12,0,1036,7,51.68,0,13864,26.12,2026-06-29T10:17:34.725Z
0_1036_11_26.12,0,1036,11,52.76,0,19441,26.12,2026-06-29T10:17:34.725Z
0_1036_15_26.12,0,1036,15,52.95,0,25882,26.12,2026-06-29T10:17:34.725Z
0_2089_3_26.12,0,2089,3,50.91,0,116034,26.12,2026-06-29T10:17:34.725Z
0_2089_7_26.12,0,2089,7,49.5,0,105688,26.12,2026-06-29T10:17:34.725Z
0_2089_11_26.12,0,2089,11,41.71,0,597,26.12,2026-06-29T10:17:34.725Z
0_2089_15_26.12,0,2089,15,48.6,0,358,26.12,2026-06-29T10:17:34.725Z
0_2091_3_26.12,0,2091,3,59.51,0,160370,26.12,2026-06-29T10:17:34.725Z
0_2091_7_26.12,0,2091,7,59.13,0,149414,26.12,2026-06-29T10:17:34.725Z
0_2091_11_26.12,0,2091,11,41.1,0,382,26.12,2026-06-29T10:17:34.725Z
0_2091_15_26.12,0,2091,15,37.61,0,226,26.12,2026-06-29T10:17:34.725Z
0_2139_3_26.12,0,2139,3,51.82,0,40544,26.12,2026-06-29T10:17:34.725Z
0_2139_7_26.12,0,2139,7,50.6,0,42446,26.12,2026-06-29T10:17:34.725Z
0_2139_11_26.12,0,2139,11,51.07,0,51658,26.12,2026-06-29T10:17:34.725Z
0_2139_15_26.12,0,2139,15,50.4,0,46404,26.12,2026-06-29T10:17:34.725Z
0_1326_3_26.12,0,1326,3,48.77,0,6938,26.12,2026-06-29T10:17:34.725Z
0_1326_7_26.12,0,1326,7,48.07,0,23537,26.12,2026-06-29T10:17:34.725Z
0_1326_11_26.12,0,1326,11,47.87,0,24879,26.12,2026-06-29T10:17:34.725Z
0_1326_15_26.12,0,1326,15,48.5,0,26940,26.12,2026-06-29T10:17:34.725Z
0_1345_3_26.12,0,1345,3,56.15,0,7987,26.12,2026-06-29T10:17:34.725Z
0_1345_7_26.12,0,1345,7,54.71,0,27089,26.12,2026-06-29T10:17:34.725Z
0_1345_11_26.12,0,1345,11,53.47,0,28710,26.12,2026-06-29T10:17:34.725Z
0_1345_15_26.12,0,1345,15,51.77,0,31142,26.12,2026-06-29T10:17:34.725Z
0_1347_3_26.12,0,1347,3,49.94,0,29389,26.12,2026-06-29T10:17:34.725Z
0_1347_7_26.12,0,1347,7,49.44,0,37019,26.12,2026-06-29T10:17:34.725Z
0_1347_11_26.12,0,1347,11,50.27,0,48424,26.12,2026-06-29T10:17:34.725Z
0_1347_15_26.12,0,1347,15,48.79,0,46248,26.12,2026-06-29T10:17:34.725Z
0_1347_18_26.12,0,1347,18,68.25,0,337,26.12,2026-06-29T10:17:34.725Z
0_2032_3_26.12,0,2032,3,48.59,0,16340,26.12,2026-06-29T10:17:34.725Z
0_2032_7_26.12,0,2032,7,47.56,0,841,26.12,2026-06-29T10:17:34.725Z
0_2032_11_26.12,0,2032,11,48.85,0,1388,26.12,2026-06-29T10:17:34.725Z
0_2032_15_26.12,0,2032,15,49.31,0,1965,26.12,2026-06-29T10:17:34.725Z
0_2016_3_26.12,0,2016,3,60.18,0,9176,26.12,2026-06-29T10:17:34.725Z
0_2016_7_26.12,0,2016,7,58.71,0,12083,26.12,2026-06-29T10:17:34.725Z
0_2016_11_26.12,0,2016,11,58.39,0,14299,26.12,2026-06-29T10:17:34.725Z
0_2016_15_26.12,0,2016,15,56.03,0,13208,26.12,2026-06-29T10:17:34.725Z
0_2062_3_26.12,0,2062,3,51.09,0,27255,26.12,2026-06-29T10:17:34.725Z
0_2062_7_26.12,0,2062,7,51.85,0,28488,26.12,2026-06-29T10:17:34.725Z
0_2062_11_26.12,0,2062,11,51.21,0,30840,26.12,2026-06-29T10:17:34.725Z
0_2062_15_26.12,0,2062,15,50.75,0,25870,26.12,2026-06-29T10:17:34.725Z
0_2135_3_26.12,0,2135,3,47.18,0,10880,26.12,2026-06-29T10:17:34.725Z
0_2135_7_26.12,0,2135,7,46.98,0,13119,26.12,2026-06-29T10:17:34.725Z
0_2135_11_26.12,0,2135,11,46.99,0,15020,26.12,2026-06-29T10:17:34.725Z
0_2135_15_26.12,0,2135,15,46.67,0,14224,26.12,2026-06-29T10:17:34.725Z
0_2135_18_26.12,0,2135,18,63.91,0,133,26.12,2026-06-29T10:17:34.725Z
0_1011_3_26.12,0,1011,3,53.06,0,61934,26.12,2026-06-29T10:17:34.725Z
0_1011_7_26.12,0,1011,7,53.36,0,68286,26.12,2026-06-29T10:17:34.725Z
0_1011_11_26.12,0,1011,11,52.69,0,64337,26.12,2026-06-29T10:17:34.725Z
0_1011_15_26.12,0,1011,15,51.73,0,59540,26.12,2026-06-29T10:17:34.725Z
0_1006_3_26.12,0,1006,3,49.25,0,5362,26.12,2026-06-29T10:17:34.725Z
0_1006_7_26.12,0,1006,7,49.63,0,7789,26.12,2026-06-29T10:17:34.725Z
0_1006_11_26.12,0,1006,11,50.45,0,11638,26.12,2026-06-29T10:17:34.725Z
0_1006_15_26.12,0,1006,15,50.39,0,16691,26.12,2026-06-29T10:17:34.725Z
0_2034_3_26.12,0,2034,3,43.2,0,4586,26.12,2026-06-29T10:17:34.725Z
0_2034_7_26.12,0,2034,7,42.96,0,4918,26.12,2026-06-29T10:17:34.725Z
0_2034_11_26.12,0,2034,11,44.38,0,6027,26.12,2026-06-29T10:17:34.725Z
0_2034_15_26.12,0,2034,15,46.17,0,5577,26.12,2026-06-29T10:17:34.725Z
0_2026_3_26.12,0,2026,3,55.45,0,23465,26.12,2026-06-29T10:17:34.725Z
0_2026_7_26.12,0,2026,7,54.1,0,25756,26.12,2026-06-29T10:17:34.725Z
0_2026_11_26.12,0,2026,11,53.95,0,32339,26.12,2026-06-29T10:17:34.725Z
0_2026_15_26.12,0,2026,15,52.21,0,30536,26.12,2026-06-29T10:17:34.725Z
0_2026_18_26.12,0,2026,18,70.49,0,305,26.12,2026-06-29T10:17:34.725Z
0_2005_3_26.12,0,2005,3,51.25,0,11999,26.12,2026-06-29T10:17:34.725Z
0_2005_7_26.12,0,2005,7,47.54,0,631,26.12,2026-06-29T10:17:34.725Z
0_2005_11_26.12,0,2005,11,45.82,0,849,26.12,2026-06-29T10:17:34.725Z
0_2005_15_26.12,0,2005,15,50.23,0,1071,26.12,2026-06-29T10:17:34.725Z
0_2088_3_26.12,0,2088,3,59.7,0,248698,26.12,2026-06-29T10:17:34.725Z
0_2088_7_26.12,0,2088,7,57.47,0,217651,26.12,2026-06-29T10:17:34.725Z
0_2088_11_26.12,0,2088,11,45.94,0,997,26.12,2026-06-29T10:17:34.725Z
0_2088_15_26.12,0,2088,15,48.26,0,576,26.12,2026-06-29T10:17:34.725Z
0_2043_3_26.12,0,2043,3,47.93,0,13825,26.12,2026-06-29T10:17:34.725Z
0_2043_7_26.12,0,2043,7,47.74,0,51618,26.12,2026-06-29T10:17:34.725Z
0_2043_11_26.12,0,2043,11,48.12,0,55112,26.12,2026-06-29T10:17:34.725Z
0_2043_15_26.12,0,2043,15,46.82,0,58150,26.12,2026-06-29T10:17:34.725Z
0_2043_18_26.12,0,2043,18,47.17,0,53,26.12,2026-06-29T10:17:34.725Z
0_2107_3_26.12,0,2107,3,49.95,0,14182,26.12,2026-06-29T10:17:34.725Z
0_2107_7_26.12,0,2107,7,50.88,0,20245,26.12,2026-06-29T10:17:34.725Z
0_2107_11_26.12,0,2107,11,51.23,0,33425,26.12,2026-06-29T10:17:34.725Z
0_2107_15_26.12,0,2107,15,52.05,0,41637,26.12,2026-06-29T10:17:34.725Z
0_2107_18_26.12,0,2107,18,59.62,0,52,26.12,2026-06-29T10:17:34.725Z
0_1314_3_26.12,0,1314,3,54.6,0,69598,26.12,2026-06-29T10:17:34.725Z
0_1314_7_26.12,0,1314,7,54.92,0,71737,26.12,2026-06-29T10:17:34.725Z
0_1314_11_26.12,0,1314,11,54.55,0,72071,26.12,2026-06-29T10:17:34.725Z
0_1314_15_26.12,0,1314,15,53.77,0,72192,26.12,2026-06-29T10:17:34.725Z
0_1314_18_26.12,0,1314,18,63.46,0,52,26.12,2026-06-29T10:17:34.725Z
0_2138_3_26.12,0,2138,3,46.14,0,20962,26.12,2026-06-29T10:17:34.725Z
0_2138_7_26.12,0,2138,7,46.17,0,30714,26.12,2026-06-29T10:17:34.725Z
0_2138_11_26.12,0,2138,11,47.2,0,39885,26.12,2026-06-29T10:17:34.725Z
0_2138_15_26.12,0,2138,15,46.31,0,41580,26.12,2026-06-29T10:17:34.725Z
0_2138_18_26.12,0,2138,18,69.17,0,412,26.12,2026-06-29T10:17:34.725Z
0_1421_3_26.12,0,1421,3,51.76,0,28940,26.12,2026-06-29T10:17:34.725Z
0_1421_7_26.12,0,1421,7,46.18,0,2185,26.12,2026-06-29T10:17:34.725Z
0_1421_11_26.12,0,1421,11,46.68,0,2802,26.12,2026-06-29T10:17:34.725Z
0_1421_15_26.12,0,1421,15,47.55,0,3573,26.12,2026-06-29T10:17:34.725Z
0_1074_3_26.12,0,1074,3,47.34,0,22746,26.12,2026-06-29T10:17:34.725Z
0_1074_7_26.12,0,1074,7,47.13,0,30602,26.12,2026-06-29T10:17:34.725Z
0_1074_11_26.12,0,1074,11,48.7,0,36421,26.12,2026-06-29T10:17:34.725Z
0_1074_15_26.12,0,1074,15,48.82,0,32025,26.12,2026-06-29T10:17:34.725Z
0_1358_7_26.12,0,1358,7,49.07,0,9045,26.12,2026-06-29T10:17:34.725Z
0_1358_11_26.12,0,1358,11,49.53,0,13364,26.12,2026-06-29T10:17:34.725Z
0_1358_15_26.12,0,1358,15,52.04,0,98,26.12,2026-06-29T10:17:34.725Z
0_2072_3_26.12,0,2072,3,46.17,0,29364,26.12,2026-06-29T10:17:34.725Z
0_2072_7_26.12,0,2072,7,44.79,0,3273,26.12,2026-06-29T10:17:34.725Z
0_2072_11_26.12,0,2072,11,48.54,0,103,26.12,2026-06-29T10:17:34.725Z
0_1027_3_26.12,0,1027,3,44.17,0,2194,26.12,2026-06-29T10:17:34.725Z
0_1027_7_26.12,0,1027,7,43.78,0,2876,26.12,2026-06-29T10:17:34.725Z
0_1027_11_26.12,0,1027,11,44.78,0,4460,26.12,2026-06-29T10:17:34.725Z
0_1027_15_26.12,0,1027,15,45.86,0,4922,26.12,2026-06-29T10:17:34.725Z
0_1027_18_26.12,0,1027,18,70.64,0,109,26.12,2026-06-29T10:17:34.725Z
0_2082_3_26.12,0,2082,3,50.28,0,13221,26.12,2026-06-29T10:17:34.725Z
0_2082_7_26.12,0,2082,7,49.01,0,16411,26.12,2026-06-29T10:17:34.725Z
0_2082_11_26.12,0,2082,11,49.16,0,19266,26.12,2026-06-29T10:17:34.725Z
0_2082_15_26.12,0,2082,15,48.54,0,17988,26.12,2026-06-29T10:17:34.725Z
0_2082_18_26.12,0,2082,18,56.52,0,92,26.12,2026-06-29T10:17:34.725Z
0_1118_3_26.12,0,1118,3,51.21,0,29598,26.12,2026-06-29T10:17:34.725Z
0_1118_7_26.12,0,1118,7,50.12,0,37618,26.12,2026-06-29T10:17:34.725Z
0_1118_11_26.12,0,1118,11,50.26,0,39328,26.12,2026-06-29T10:17:34.725Z
0_1118_15_26.12,0,1118,15,49.5,0,34674,26.12,2026-06-29T10:17:34.725Z
0_1001_3_26.12,0,1001,3,49.37,0,21469,26.12,2026-06-29T10:17:34.725Z
0_1001_7_26.12,0,1001,7,43.24,0,370,26.12,2026-06-29T10:17:34.725Z
0_1001_11_26.12,0,1001,11,46.38,0,636,26.12,2026-06-29T10:17:34.725Z
0_1001_15_26.12,0,1001,15,50.43,0,823,26.12,2026-06-29T10:17:34.725Z
0_1386_3_26.12,0,1386,3,54.16,0,60446,26.12,2026-06-29T10:17:34.725Z
0_1386_7_26.12,0,1386,7,52.73,0,58556,26.12,2026-06-29T10:17:34.725Z
0_1386_11_26.12,0,1386,11,54.1,0,90663,26.12,2026-06-29T10:17:34.725Z
0_1386_15_26.12,0,1386,15,51.07,0,71354,26.12,2026-06-29T10:17:34.725Z
0_1386_18_26.12,0,1386,18,56.79,0,81,26.12,2026-06-29T10:17:34.725Z
0_2055_3_26.12,0,2055,3,61.75,0,58783,26.12,2026-06-29T10:17:34.725Z
0_2055_7_26.12,0,2055,7,60.15,0,60794,26.12,2026-06-29T10:17:34.725Z
0_2055_11_26.12,0,2055,11,51.26,0,119,26.12,2026-06-29T10:17:34.725Z
0_2055_15_26.12,0,2055,15,59.21,0,76,26.12,2026-06-29T10:17:34.725Z
0_12317_3_26.12,0,12317,3,52.72,0,22065,26.12,2026-06-29T10:17:34.725Z
0_12317_7_26.12,0,12317,7,52.28,0,69006,26.12,2026-06-29T10:17:34.725Z
0_12317_11_26.12,0,12317,11,51.89,0,62628,26.12,2026-06-29T10:17:34.725Z
0_12317_15_26.12,0,12317,15,50.42,0,55181,26.12,2026-06-29T10:17:34.725Z
0_12317_18_26.12,0,12317,18,71.93,0,57,26.12,2026-06-29T10:17:34.725Z
0_2042_3_26.12,0,2042,3,63.38,0,12188,26.12,2026-06-29T10:17:34.725Z
0_2042_7_26.12,0,2042,7,54.11,0,13767,26.12,2026-06-29T10:17:34.725Z
0_2042_11_26.12,0,2042,11,50.86,0,17150,26.12,2026-06-29T10:17:34.725Z
0_2042_15_26.12,0,2042,15,49.06,0,14412,26.12,2026-06-29T10:17:34.725Z
0_2042_18_26.12,0,2042,18,71.11,0,135,26.12,2026-06-29T10:17:34.725Z
0_2064_3_26.12,0,2064,3,59.06,0,1805,26.12,2026-06-29T10:17:34.725Z
0_2064_7_26.12,0,2064,7,56.13,0,18532,26.12,2026-06-29T10:17:34.725Z
0_2134_3_26.12,0,2134,3,57.03,0,42300,26.12,2026-06-29T10:17:34.725Z
0_2134_7_26.12,0,2134,7,55.85,0,142652,26.12,2026-06-29T10:17:34.725Z
0_2134_11_26.12,0,2134,11,55.11,0,134793,26.12,2026-06-29T10:17:34.725Z
0_2134_15_26.12,0,2134,15,52.88,0,124856,26.12,2026-06-29T10:17:34.725Z
0_2134_18_26.12,0,2134,18,66.93,0,127,26.12,2026-06-29T10:17:34.725Z
0_2080_3_26.12,0,2080,3,49.6,0,4657,26.12,2026-06-29T10:17:34.725Z
0_2080_7_26.12,0,2080,7,50.07,0,15642,26.12,2026-06-29T10:17:34.725Z
0_2080_11_26.12,0,2080,11,49.57,0,20789,26.12,2026-06-29T10:17:34.725Z
0_2080_15_26.12,0,2080,15,50.02,0,25772,26.12,2026-06-29T10:17:34.725Z
0_2099_3_26.12,0,2099,3,38.98,0,413,26.12,2026-06-29T10:17:34.725Z
0_2099_7_26.12,0,2099,7,40.43,0,470,26.12,2026-06-29T10:17:34.725Z
0_2099_11_26.12,0,2099,11,43.66,0,662,26.12,2026-06-29T10:17:34.725Z
0_2099_15_26.12,0,2099,15,45.51,0,690,26.12,2026-06-29T10:17:34.725Z
0_1392_3_26.12,0,1392,3,54.33,0,34748,26.12,2026-06-29T10:17:34.725Z
0_1392_7_26.12,0,1392,7,53.79,0,115741,26.12,2026-06-29T10:17:34.725Z
0_1392_11_26.12,0,1392,11,53.57,0,109260,26.12,2026-06-29T10:17:34.725Z
0_1392_15_26.12,0,1392,15,51.95,0,102500,26.12,2026-06-29T10:17:34.725Z
0_1392_18_26.12,0,1392,18,62.6,0,131,26.12,2026-06-29T10:17:34.725Z
0_1325_3_26.12,0,1325,3,47.8,0,15350,26.12,2026-06-29T10:17:34.725Z
0_1325_7_26.12,0,1325,7,47.63,0,19969,26.12,2026-06-29T10:17:34.725Z
0_1325_11_26.12,0,1325,11,48.53,0,24828,26.12,2026-06-29T10:17:34.725Z
0_1325_15_26.12,0,1325,15,48.26,0,23318,26.12,2026-06-29T10:17:34.725Z
0_1325_18_26.12,0,1325,18,67.32,0,205,26.12,2026-06-29T10:17:34.725Z